loan_id,segment,origin_rating,current_rating,dpd,outstanding_balance,credit_limit,eir,initial_term_months,remaining_term_months,collateral_type,collateral_value
LN000001,SME,3,3.0,0,226552.88,226552.88,0.0703,36,29,Unsecured,0.0
LN000002,Retail,3,3.0,0,8720.98,20000.0,0.0646,24,6,Unsecured,0.0
LN000003,Corporate,1,1.0,0,9250737.29,9250737.29,0.0383,120,89,Real Estate,12960511.64
LN000004,Retail,1,1.0,0,42611.78,42611.78,0.0435,60,4,Real Estate,76699.94
LN000005,SME,2,3.0,7,59380.76,250000.0,0.0789,12,2,Real Estate,103216.7
LN000006,Retail,4,6.0,35,4914.91,10000.0,0.0949,36,33,Unsecured,0.0
LN000007,SME,1,1.0,0,474122.27,500000.0,0.0161,120,-5,Real Estate,593893.29
LN000008,Retail,5,5.0,10,53526.43,53526.43,0.1085,24,12,Real Estate,78483.99
LN000009,Retail,4,5.0,18,26921.52,26921.52,0.087,24,17,Unsecured,0.0
LN000010,SME,1,2.0,0,379939.35,500000.0,0.0334,36,2,Real Estate,491308.0
LN000011,Corporate,5,4.0,13,2688853.89,5000000.0,0.0625,120,70,Financial Asset,2989757.31
LN000012,Retail,2,2.0,1,85548.57,85548.57,0.068,120,60,Unsecured,0.0
LN000013,SME,5,5.0,56,286913.79,500000.0,0.1038,60,39,Real Estate,531580.7
LN000014,Retail,1,1.0,0,101794.5,101794.5,0.027,60,44,Vehicle,117846.4
LN000015,SME,3,5.0,25,431411.3,431411.3,0.0875,12,11,Unsecured,0.0
LN000016,SME,1,2.0,0,95293.75,250000.0,0.0505,120,19,Financial Asset,95570.67
LN000017,Retail,3,4.0,0,8838.76,10000.0,0.0886,12,8,Vehicle,11059.41
LN000018,SME,2,2.0,0,703531.56,703531.56,0.0471,36,27,Real Estate,1042882.68
LN000019,SME,2,2.0,0,175182.97,250000.0,0.0421,60,30,Real Estate,311832.99
LN000020,Retail,4,6.0,39,9342.07,20000.0,0.1214,12,10,Unsecured,0.0
LN000021,SME,4,3.0,0,88809.91,500000.0,0.0647,120,108,Real Estate,170370.88
LN000022,Retail,3,3.0,0,100333.35,100333.35,0.0631,60,53,Unsecured,0.0
LN000023,SME,3,3.0,0,446213.09,500000.0,0.0709,12,7,Unsecured,0.0
LN000024,SME,2,2.0,0,131372.31,250000.0,0.0286,12,9,Real Estate,189787.5
LN000025,Retail,5,5.0,27,147100.06,147100.06,0.0997,360,316,Unsecured,0.0
LN000026,SME,3,3.0,0,570930.28,570930.28,0.0691,36,15,Financial Asset,709649.51
LN000027,Retail,3,5.0,12,93234.29,93234.29,0.0812,12,7,Real Estate,127211.06
LN000028,Retail,5,6.0,9,144899.35,144899.35,0.0906,12,9,Vehicle,204991.03
LN000029,Retail,4,4.0,0,140979.21,140979.21,0.0744,36,30,Vehicle,159534.63
LN000030,Retail,4,5.0,24,88037.23,88037.23,0.0968,12,4,Real Estate,136571.24
LN000031,SME,3,3.0,0,372540.09,500000.0,0.0678,60,25,Unsecured,0.0
LN000032,Retail,4,4.0,0,220.08,50000.0,0.097,120,111,Real Estate,353.36
LN000033,Retail,4,5.0,27,73478.2,73478.2,0.0968,60,25,Vehicle,94109.11
LN000034,SME,4,4.0,0,732172.79,732172.79,0.066,120,81,Real Estate,1380357.86
LN000035,Retail,2,2.0,0,73536.39,73536.39,0.0475,360,228,Unsecured,0.0
LN000036,Retail,1,2.0,0,80697.02,80697.02,0.037,24,19,Unsecured,0.0
LN000037,Retail,3,5.0,16,11475.7,11475.7,0.0932,60,37,Unsecured,0.0
LN000038,SME,3,3.0,0,324005.21,324005.21,0.0791,120,3,Real Estate,438918.26
LN000039,Retail,2,1.0,0,10394.29,50000.0,0.0396,36,28,Real Estate,15456.5
LN000040,Retail,1,1.0,0,148160.75,148160.75,0.0278,360,239,Real Estate,246157.71
LN000041,Retail,1,1.0,0,12500.0,10000.0,0.0409,36,16,Unsecured,0.0
LN000042,SME,2,2.0,0,489539.54,1000000.0,0.0422,120,70,Real Estate,685982.51
LN000043,Retail,5,5.0,6,1104.43,10000.0,0.0674,120,31,Unsecured,0.0
LN000044,Corporate,5,6.0,22,4045092.71,5000000.0,0.0977,12,1,Unsecured,0.0
LN000045,SME,1,1.0,0,175674.76,250000.0,0.0396,120,34,Real Estate,224442.99
LN000046,SME,5,5.0,46,126734.57,500000.0,0.1027,60,11,Real Estate,172456.96
LN000047,Retail,5,5.0,18,9196.45,20000.0,0.1122,60,6,Real Estate,14165.14
LN000048,Retail,5,5.0,12,130485.3,130485.3,0.0984,36,7,Vehicle,150881.31
LN000049,Corporate,1,6.0,23,3751562.19,5000000.0,0.1235,12,8,Real Estate,6243871.14
LN000050,Retail,5,5.0,16,60371.4,60371.4,0.1013,60,33,Unsecured,0.0
LN000051,Retail,3,5.0,11,11689.4,20000.0,0.1044,12,4,Unsecured,0.0
LN000052,Retail,1,3.0,0,20891.69,20891.69,0.076,60,15,Vehicle,27165.88
LN000053,Corporate,2,3.0,0,354695.85,10000000.0,0.0699,60,27,Real Estate,467868.48
LN000054,SME,5,4.0,0,179980.76,500000.0,0.0907,36,22,Real Estate,272436.13
LN000055,Retail,4,6.0,0,9222.0,10000.0,0.103,120,105,Vehicle,11554.87
LN000056,SME,1,1.0,0,446865.33,446865.33,0.0107,120,30,Real Estate,850049.34
LN000057,Retail,2,1.0,0,7575.84,10000.0,0.0415,24,15,Unsecured,0.0
LN000058,SME,3,3.0,0,156184.86,250000.0,0.0687,60,27,Real Estate,240858.12
LN000059,Retail,2,2.0,0,8410.28,10000.0,0.0412,36,21,Vehicle,9406.1
LN000060,SME,5,5.0,12,177002.47,500000.0,0.0824,12,7,Financial Asset,205072.9
LN000061,Retail,4,4.0,0,21725.13,50000.0,0.0813,12,11,Vehicle,25929.06
LN000062,Retail,5,5.0,22,57579.46,57579.46,0.1022,36,10,Unsecured,0.0
LN000063,Retail,2,3.0,0,22609.18,22609.18,0.0702,12,1,Vehicle,32147.07
LN000064,Retail,1,1.0,0,12739.45,12739.45,0.0248,360,165,Unsecured,0.0
LN000065,SME,4,4.0,0,18497.22,250000.0,0.072,36,8,Financial Asset,19908.43
LN000066,Retail,4,,49,18470.46,18470.46,0.1617,12,7,Unsecured,0.0
LN000067,Retail,2,2.0,0,43823.99,43823.99,0.0507,24,7,Real Estate,56800.48
LN000068,Retail,5,6.0,12,144879.41,144879.41,0.1206,12,6,Real Estate,233885.91
LN000069,Retail,2,5.0,20,17518.68,20000.0,0.0918,60,55,Unsecured,0.0
LN000070,Retail,4,4.0,7,43411.54,43411.54,0.0874,60,18,Unsecured,0.0
LN000071,Retail,2,2.0,0,117877.91,117877.91,0.0496,120,43,Vehicle,149691.44
LN000072,Retail,4,6.0,12,85720.87,85720.87,0.1028,12,8,Unsecured,0.0
LN000073,Retail,5,7.0,22,40299.62,40299.62,0.1343,120,14,Unsecured,0.0
LN000074,Retail,1,2.0,0,37838.99,50000.0,0.0401,120,113,Vehicle,46100.94
LN000075,Corporate,1,1.0,0,5719826.85,10000000.0,0.0357,60,57,Financial Asset,6515479.57
LN000076,SME,2,4.0,3,322745.27,500000.0,0.0818,60,46,Unsecured,0.0
LN000077,Retail,4,4.0,0,14066.93,50000.0,0.0788,24,5,Vehicle,15808.64
LN000078,SME,1,1.0,0,312500.0,250000.0,0.0449,36,28,Financial Asset,174498.14
LN000079,SME,4,4.0,0,665795.59,665795.59,0.0857,36,32,Financial Asset,710622.2
LN000080,Retail,5,5.0,49,24688.47,50000.0,0.0995,360,330,Vehicle,30103.88
LN000081,SME,2,3.0,0,380356.55,380356.55,0.0657,36,3,Unsecured,0.0
LN000082,Retail,4,5.0,0,12909.37,20000.0,0.1136,120,34,Unsecured,0.0
LN000083,SME,2,3.0,0,429518.94,429518.94,0.0796,60,17,Financial Asset,493570.83
LN000084,Retail,4,3.0,0,117887.63,117887.63,0.0742,120,58,Vehicle,164042.15
LN000085,Retail,4,4.0,0,73441.08,73441.08,0.0876,120,31,Unsecured,0.0
LN000086,Retail,5,6.0,17,464.49,10000.0,0.104,12,1,Unsecured,0.0
LN000087,Corporate,2,2.0,0,6571445.27,6571445.27,0.0495,120,73,Unsecured,0.0
LN000088,SME,3,5.0,23,286531.0,286531.0,0.1014,12,8,Unsecured,0.0
LN000089,Retail,4,5.0,17,41270.72,50000.0,0.1055,60,30,Unsecured,0.0
LN000090,Retail,4,5.0,26,18741.09,20000.0,0.1039,360,71,Vehicle,26296.63
LN000091,Retail,1,1.0,0,48076.16,48076.16,0.0408,12,7,Unsecured,0.0
LN000092,Retail,2,3.0,0,125366.95,125366.95,0.085,360,209,Unsecured,0.0
LN000093,Retail,3,5.0,14,2361.72,10000.0,0.0936,24,1,Real Estate,3442.28
LN000094,Retail,5,5.0,2,78473.21,78473.21,0.1051,12,3,Real Estate,128158.27
LN000095,SME,3,4.0,-10,222181.93,250000.0,0.0889,12,8,Real Estate,310268.33
LN000096,SME,5,5.0,10,685966.82,685966.82,0.0994,120,30,Financial Asset,828742.29
LN000097,Retail,3,3.0,0,113224.04,113224.04,0.0698,120,15,Unsecured,0.0
LN000098,Retail,3,4.0,0,45378.79,50000.0,0.0846,24,2,Unsecured,0.0
LN000099,Corporate,2,3.0,0,3879860.13,3879860.13,0.0579,24,5,Real Estate,5386468.26
LN000100,SME,1,3.0,0,107888.57,250000.0,0.069,60,4,Real Estate,191002.04
LN000101,SME,3,3.0,0,236177.26,250000.0,0.0725,60,13,Real Estate,298960.03
LN000102,Corporate,4,4.0,0,7326021.31,7326021.31,0.0832,12,5,Financial Asset,7506251.29
LN000103,SME,4,5.0,14,675875.32,675875.32,0.0766,60,33,Real Estate,983603.31
LN000104,Retail,4,4.0,0,23935.08,50000.0,0.0641,24,15,Unsecured,0.0
LN000105,Retail,1,1.0,0,118867.73,118867.73,0.0268,360,201,Unsecured,0.0
LN000106,Corporate,3,2.0,0,1773354.13,5000000.0,0.0489,120,37,Real Estate,2614817.5
LN000107,Retail,5,5.0,7,19516.64,20000.0,0.0874,360,221,Unsecured,0.0
LN000108,Retail,5,6.0,15,87030.55,87030.55,0.1165,24,23,Vehicle,119184.01
LN000109,Retail,2,3.0,0,89753.38,89753.38,0.0769,120,9,Unsecured,0.0
LN000110,SME,1,1.0,0,75547.76,250000.0,0.0483,36,4,Unsecured,0.0
LN000111,Corporate,3,3.0,0,4537910.04,4537910.04,0.0684,24,1,Real Estate,8864864.82
LN000112,Retail,4,3.0,0,83596.09,83596.09,0.0758,12,5,Unsecured,0.0
LN000113,Retail,1,1.0,0,6085.72,10000.0,0.0294,36,28,Unsecured,0.0
LN000114,SME,1,1.0,0,344860.81,344860.81,0.0335,60,59,Real Estate,520066.62
LN000115,Retail,3,3.0,0,9524.66,20000.0,0.0533,60,49,Unsecured,0.0
LN000116,Retail,2,3.0,0,21980.86,50000.0,0.0771,36,8,Real Estate,33676.75
LN000117,Corporate,2,3.0,0,251814.99,5000000.0,0.0847,120,50,Real Estate,336174.61
LN000118,Retail,2,2.0,0,8514.26,10000.0,0.0465,24,9,Real Estate,14197.98
LN000119,Retail,4,5.0,15,49866.03,50000.0,0.0733,120,117,Vehicle,57381.75
LN000120,SME,4,6.0,28,452759.05,452759.05,0.1004,12,6,Financial Asset,482455.76
LN000121,Retail,3,3.0,0,86753.53,86753.53,0.0585,360,78,Unsecured,0.0
LN000122,Corporate,2,2.0,0,12986094.02,12986094.02,0.0367,60,55,Real Estate,18578226.54
LN000123,Retail,3,3.0,5,22483.08,50000.0,0.0547,360,196,Vehicle,27240.89
LN000124,Retail,2,2.0,0,25420.85,25420.85,0.052,24,1,Vehicle,33194.26
LN000125,Retail,1,2.0,0,3122.32,10000.0,0.0566,60,54,Unsecured,0.0
LN000126,Retail,5,6.0,12,33550.62,50000.0,0.0894,12,10,Vehicle,39407.65
LN000127,SME,5,5.0,20,139850.53,250000.0,0.0897,12,2,Financial Asset,146447.58
LN000128,SME,2,3.0,0,702345.7,702345.7,0.0654,12,3,Real Estate,1065257.03
LN000129,Corporate,3,4.0,0,4970309.92,5000000.0,0.0693,120,48,Financial Asset,5459902.98
LN000130,Retail,4,3.0,0,107966.08,107966.08,0.0674,12,8,Unsecured,0.0
LN000131,SME,2,2.0,0,492215.32,492215.32,0.0488,12,7,Real Estate,751594.49
LN000132,Retail,2,4.0,0,7785.14,10000.0,0.0755,24,8,Unsecured,0.0
LN000133,SME,4,6.0,13,113141.31,500000.0,0.1014,120,81,Real Estate,212349.85
LN000134,SME,2,3.0,0,995182.12,1000000.0,0.0677,120,110,Real Estate,1342325.24
LN000135,Retail,1,3.0,0,140784.73,140784.73,0.0574,60,57,Unsecured,0.0
LN000136,Retail,4,4.0,0,104946.19,104946.19,0.0627,24,12,Vehicle,136581.77
LN000137,Retail,1,1.0,0,145324.38,145324.38,0.0352,36,7,Vehicle,195883.03
LN000138,Retail,5,5.0,9,77173.29,77173.29,0.0826,120,58,Unsecured,0.0
LN000139,Corporate,4,3.0,0,1630117.26,5000000.0,0.0485,24,13,Financial Asset,1715117.55
LN000140,Retail,4,5.0,7,1310.56,10000.0,0.0963,120,100,Unsecured,0.0
LN000141,Retail,3,8.0,14,9805.92,10000.0,0.1384,12,1,Vehicle,12250.42
LN000142,Retail,3,4.0,0,17200.34,20000.0,0.0713,36,30,Vehicle,21473.43
LN000143,SME,4,4.0,11,277420.62,277420.62,0.0823,60,17,Real Estate,437060.75
LN000144,Retail,5,5.0,11,11630.36,11630.36,0.0992,36,10,Unsecured,0.0
LN000145,Retail,2,2.0,0,7189.26,50000.0,0.0524,24,22,Real Estate,11308.02
LN000146,Retail,3,3.0,0,4179.11,50000.0,0.067,60,32,Unsecured,0.0
LN000147,SME,5,6.0,21,75981.26,500000.0,0.0939,12,11,Real Estate,134733.63
LN000148,Retail,5,5.0,58,109325.97,109325.97,0.1079,360,77,Vehicle,133361.11
LN000149,SME,3,5.0,50,550147.31,550147.31,0.1006,60,4,Real Estate,699001.13
LN000150,Retail,2,4.0,0,20777.07,20777.07,0.0705,24,2,Real Estate,26141.81
LN000151,Retail,3,3.0,0,22615.71,50000.0,0.0649,36,22,Unsecured,0.0
LN000152,Retail,5,5.0,13,5010.21,10000.0,0.0968,120,9,Unsecured,0.0
LN000153,Retail,1,2.0,0,3027.74,10000.0,0.0496,60,21,Unsecured,0.0
LN000154,Retail,3,3.0,0,83672.68,83672.68,0.0829,12,2,Unsecured,0.0
LN000155,Retail,5,6.0,2,61566.42,61566.42,0.0905,36,5,Vehicle,75821.83
LN000156,SME,3,3.0,2,172626.66,250000.0,0.0502,120,53,Real Estate,238833.68
LN000157,Retail,5,5.0,14,54117.95,54117.95,0.072,60,14,Real Estate,98640.26
LN000158,Retail,2,2.0,0,19049.36,19049.36,0.0508,24,19,Real Estate,24630.09
LN000159,SME,5,5.0,17,86149.26,86149.26,0.1004,12,1,Financial Asset,93909.78
LN000160,Retail,4,6.0,2,36827.86,50000.0,0.1136,360,68,Unsecured,0.0
LN000161,SME,1,1.0,0,64174.57,64174.57,0.0321,36,35,Unsecured,0.0
LN000162,SME,5,7.0,24,219596.08,500000.0,0.1291,120,41,Real Estate,302630.74
LN000163,Retail,3,4.0,0,9234.76,10000.0,0.077,120,33,Unsecured,0.0
LN000164,SME,3,4.0,0,46777.11,250000.0,0.0874,60,15,Real Estate,60015.75
LN000165,Retail,5,4.0,0,9558.12,10000.0,0.0911,36,28,Vehicle,11548.43
LN000166,Retail,4,5.0,4,103889.63,103889.63,0.0857,24,7,Unsecured,0.0
LN000167,Retail,5,5.0,18,60321.52,60321.52,0.0921,12,7,Unsecured,0.0
LN000168,Retail,2,2.0,0,9277.71,10000.0,0.0487,120,90,Unsecured,0.0
LN000169,Retail,4,5.0,20,7898.48,10000.0,0.1093,120,119,Real Estate,14772.66
LN000170,Retail,5,5.0,24,35734.07,35734.07,0.0869,60,57,Vehicle,39766.69
LN000171,Retail,1,3.0,14,30600.36,30600.36,0.076,360,168,Unsecured,0.0
LN000172,Retail,4,4.0,0,2916.53,10000.0,0.0653,60,46,Unsecured,0.0
LN000173,Retail,5,6.0,44,8081.1,10000.0,0.1224,60,56,Vehicle,9106.18
LN000174,Retail,1,1.0,0,31217.54,31217.54,0.0435,60,40,Vehicle,43874.54
LN000175,Retail,5,6.0,17,9927.87,10000.0,0.1084,36,28,Unsecured,0.0
LN000176,Retail,2,4.0,0,357.75,10000.0,0.0892,36,2,Vehicle,427.02
LN000177,Retail,3,3.0,0,51452.49,51452.49,0.06,12,6,Unsecured,0.0
LN000178,Retail,5,5.0,4,122892.43,122892.43,0.0858,24,-5,Real Estate,167372.65
LN000179,SME,4,5.0,21,129309.39,500000.0,0.1121,60,10,Real Estate,169834.15
LN000180,SME,5,4.0,0,215372.88,215372.88,0.0746,12,7,Unsecured,0.0
LN000181,Retail,5,5.0,20,25132.47,50000.0,0.1018,12,9,Vehicle,30531.55
LN000182,SME,5,5.0,28,103870.52,250000.0,0.1061,12,3,Real Estate,145013.9
LN000183,Retail,5,7.0,21,3858.55,10000.0,0.1331,24,16,Vehicle,4351.19
LN000184,Retail,4,6.0,50,96999.61,96999.61,0.116,24,19,Unsecured,0.0
LN000185,Corporate,4,5.0,15,1467639.77,5000000.0,0.1018,60,55,Financial Asset,1594353.82
LN000186,Retail,5,6.0,0,58443.62,58443.62,0.1206,60,42,Real Estate,76185.27
LN000187,Corporate,3,4.0,0,3143421.67,5000000.0,0.0832,12,1,Unsecured,0.0
LN000188,Retail,5,5.0,38,1809.24,50000.0,0.0946,12,5,Unsecured,0.0
LN000189,Retail,4,4.0,0,33088.81,33088.81,0.0663,120,115,Real Estate,59782.35
LN000190,Retail,2,2.0,0,67306.62,67306.62,0.0532,24,13,Vehicle,81139.33
LN000191,Retail,5,7.0,5,2424.16,10000.0,0.1353,12,5,Unsecured,0.0
LN000192,Retail,5,6.0,4,133159.3,133159.3,0.099,12,2,Vehicle,168518.27
LN000193,Retail,5,5.0,5,47939.23,50000.0,0.0927,36,28,Real Estate,95720.46
LN000194,SME,5,6.0,30,452993.95,500000.0,0.1143,120,31,Real Estate,836342.11
LN000195,Retail,1,1.0,0,33649.24,33649.24,0.0501,12,5,Real Estate,52274.07
LN000196,Retail,5,6.0,9,107492.43,107492.43,0.0984,120,89,Unsecured,0.0
LN000197,Retail,4,4.0,0,9346.77,50000.0,0.0879,24,7,Unsecured,0.0
LN000198,SME,4,4.0,0,186614.94,250000.0,0.0764,12,10,Real Estate,240011.19
LN000199,Retail,1,2.0,0,32343.01,50000.0,0.0433,36,11,Unsecured,0.0
LN000200,Retail,5,6.0,23,17233.66,50000.0,0.1008,12,3,Vehicle,21481.08
LN000201,Corporate,3,3.0,0,2715062.55,5000000.0,0.0584,12,-5,Financial Asset,3155137.59
LN000202,Retail,5,5.0,23,5206.73,5206.73,0.1,60,32,Vehicle,6883.84
LN000203,Retail,4,5.0,2,7517.17,10000.0,0.0927,60,35,Real Estate,9419.72
LN000204,SME,2,3.0,0,172510.33,500000.0,0.0721,120,34,Financial Asset,190143.06
LN000205,SME,2,4.0,0,89993.38,250000.0,0.0688,12,4,Financial Asset,95709.74
LN000206,Retail,3,3.0,0,86555.1,86555.1,0.072,120,109,Unsecured,0.0
LN000207,Retail,5,8.0,76,16605.99,16605.99,0.1443,60,28,Unsecured,0.0
LN000208,SME,1,2.0,0,4753.1,500000.0,0.0349,120,27,Real Estate,7879.75
LN000209,Retail,5,6.0,0,25762.77,50000.0,0.1251,24,16,Vehicle,31539.07
LN000210,Corporate,3,4.0,0,1159951.45,20000000.0,0.0834,12,8,Unsecured,0.0
LN000211,Retail,3,3.0,0,55652.42,55652.42,0.0727,60,21,Vehicle,73288.66
LN000212,Retail,3,2.0,0,7224.45,20000.0,0.0616,24,5,Vehicle,8109.72
LN000213,Retail,2,3.0,0,129345.2,129345.2,0.0747,24,15,Vehicle,150013.19
LN000214,SME,5,5.0,18,61783.32,61783.32,0.0937,36,29,Real Estate,93640.91
LN000215,SME,5,6.0,28,508165.59,508165.59,0.1173,36,3,Real Estate,879327.34
LN000216,SME,1,1.0,0,352391.31,352391.31,0.0169,60,36,Real Estate,687928.29
LN000217,Corporate,3,3.0,0,9233299.08,9233299.08,0.0689,60,32,Financial Asset,9385965.23
LN000218,Retail,3,3.0,0,4133.13,10000.0,0.0823,36,12,Unsecured,0.0
LN000219,Retail,4,5.0,14,17800.96,17800.96,0.088,360,122,Real Estate,27821.14
LN000220,SME,4,4.0,11,158272.71,158272.71,0.0892,120,65,Financial Asset,168784.55
LN000221,SME,2,3.0,0,132313.89,250000.0,0.0827,36,7,Real Estate,208679.75
LN000222,SME,5,5.0,7,73231.5,1000000.0,0.1019,36,2,Real Estate,92956.9
LN000223,SME,1,2.0,0,131624.63,250000.0,0.0603,120,54,Unsecured,0.0
LN000224,Retail,1,1.0,0,131608.1,131608.1,0.0193,12,4,Unsecured,0.0
LN000225,Retail,3,3.0,0,10912.12,10912.12,0.0557,360,287,Vehicle,12409.48
LN000226,Corporate,1,2.0,0,1725787.32,5000000.0,0.0643,24,7,Financial Asset,1912875.36
LN000227,Retail,3,3.0,0,41449.23,41449.23,0.0746,12,6,Real Estate,61956.17
LN000228,Retail,5,5.0,10,94441.56,94441.56,0.1,60,53,Unsecured,0.0
LN000229,SME,1,3.0,0,339138.04,339138.04,0.0624,60,17,Real Estate,672780.48
LN000230,Retail,3,3.0,0,71589.42,71589.42,0.0678,120,4,Unsecured,0.0
LN000231,SME,5,5.0,25,45504.24,1000000.0,0.1124,12,10,Financial Asset,52862.18
LN000232,Retail,5,5.0,58,29096.86,50000.0,0.094,36,22,Vehicle,38794.43
LN000233,SME,3,3.0,0,215196.31,500000.0,0.072,60,52,Real Estate,312548.08
LN000234,SME,3,3.0,0,219831.62,250000.0,0.0717,60,44,Real Estate,337986.01
LN000235,Retail,2,2.0,0,4773.78,20000.0,0.0433,120,116,Vehicle,6742.17
LN000236,Retail,5,6.0,7,76954.1,76954.1,0.1041,60,21,Vehicle,104095.9
LN000237,Retail,3,3.0,0,16117.75,50000.0,0.0803,120,47,Vehicle,20659.21
LN000238,Retail,5,6.0,8,7081.52,10000.0,0.1157,36,27,Vehicle,8487.64
LN000239,Retail,1,1.0,0,5639.24,10000.0,0.0282,60,32,Unsecured,0.0
LN000240,Retail,4,4.0,0,145217.32,145217.32,0.0769,60,30,Vehicle,193854.82
LN000241,Retail,4,3.0,0,7285.65,10000.0,0.0551,24,16,Unsecured,0.0
LN000242,Retail,3,4.0,0,102142.63,102142.63,0.0907,36,9,Vehicle,141633.69
LN000243,Retail,3,4.0,0,40539.05,40539.05,0.0775,360,295,Unsecured,0.0
LN000244,SME,5,6.0,23,260697.37,500000.0,0.1076,60,37,Real Estate,347994.08
LN000245,Retail,3,3.0,0,2694.38,10000.0,0.0734,36,10,Unsecured,0.0
LN000246,SME,5,6.0,39,110983.41,250000.0,0.0932,120,12,Real Estate,155575.75
LN000247,SME,3,4.0,0,72719.93,250000.0,0.0796,120,62,Financial Asset,73669.3
LN000248,SME,5,4.0,0,402964.68,500000.0,0.0799,60,19,Real Estate,579098.28
LN000249,SME,3,3.0,0,260434.39,260434.39,0.0621,60,11,Real Estate,488040.22
LN000250,Retail,2,2.0,0,6955.85,10000.0,0.0445,24,13,Vehicle,7741.22
LN000251,SME,5,6.0,22,341349.25,500000.0,0.1029,36,23,Real Estate,675921.27
LN000252,Retail,2,1.0,0,62253.78,62253.78,0.0378,24,18,Unsecured,0.0
LN000253,SME,2,3.0,0,159783.59,159783.59,0.0549,120,39,Real Estate,226033.5
LN000254,SME,2,2.0,0,23297.2,250000.0,0.0516,36,11,Real Estate,34905.7
LN000255,Retail,2,2.0,0,41334.32,50000.0,0.0445,24,3,Unsecured,0.0
LN000256,Retail,1,1.0,1,18133.38,20000.0,0.0301,360,71,Vehicle,21604.5
LN000257,Retail,4,4.0,0,127771.6,127771.6,0.082,120,4,Unsecured,0.0
LN000258,SME,1,,0,65149.26,65149.26,0.03,12,8,Real Estate,83892.71
LN000259,Retail,3,2.0,0,747.97,10000.0,0.0627,360,269,Vehicle,957.67
LN000260,Retail,3,4.0,0,33739.82,50000.0,0.0786,60,35,Unsecured,0.0
LN000261,Retail,4,4.0,0,2458.04,10000.0,0.0905,360,51,Unsecured,0.0
LN000262,Retail,4,4.0,0,432.2,10000.0,0.0724,36,2,Unsecured,0.0
LN000263,Corporate,4,4.0,0,1696240.93,10000000.0,0.0722,60,49,Financial Asset,1850096.98
LN000264,SME,2,2.0,0,56120.13,250000.0,0.0334,36,26,Real Estate,78469.4
LN000265,Retail,1,1.0,0,74816.58,74816.58,0.0301,120,48,Unsecured,0.0
LN000266,Retail,3,3.0,0,110769.38,110769.38,0.0627,12,3,Unsecured,0.0
LN000267,Retail,1,1.0,0,54658.52,54658.52,0.0358,24,15,Unsecured,0.0
LN000268,Retail,1,1.0,0,46320.4,46320.4,0.042,60,34,Unsecured,0.0
LN000269,SME,1,6.0,9,620935.24,620935.24,0.1162,60,55,Unsecured,0.0
LN000270,Retail,4,4.0,0,16919.23,16919.23,0.0914,24,22,Real Estate,22722.55
LN000271,Retail,4,4.0,0,66534.63,66534.63,0.0711,120,69,Vehicle,77060.48
LN000272,SME,3,3.0,0,93105.92,250000.0,0.0653,36,4,Real Estate,129205.46
LN000273,Corporate,3,3.0,0,393194.88,10000000.0,0.055,12,2,Real Estate,492785.68
LN000274,Retail,3,5.0,6,60427.11,60427.11,0.0991,60,6,Unsecured,0.0
LN000275,Retail,1,1.0,0,9662.76,10000.0,0.053,60,20,Unsecured,0.0
LN000276,Retail,4,4.0,0,148097.14,148097.14,0.068,360,283,Unsecured,0.0
LN000277,SME,2,3.0,0,71607.69,71607.69,0.0719,36,32,Financial Asset,71775.81
LN000278,Corporate,1,1.0,0,6531748.39,6531748.39,0.0455,24,18,Financial Asset,7055159.99
LN000279,Retail,5,10.0,352,19072.85,19072.85,0.1611,12,10,Real Estate,24106.65
LN000280,Retail,1,3.0,0,54026.79,54026.79,0.0694,120,51,Real Estate,68962.82
LN000281,SME,4,4.0,8,257281.99,257281.99,0.0764,36,25,Real Estate,428708.69
LN000282,SME,5,5.0,9,151024.43,500000.0,0.0938,120,55,Financial Asset,181963.51
LN000283,Corporate,1,1.0,0,6120470.8,10000000.0,0.0311,24,11,Financial Asset,6789246.39
LN000284,Retail,4,4.0,0,39658.72,39658.72,0.0778,60,38,Vehicle,51682.12
LN000285,Retail,4,4.0,0,90855.55,90855.55,0.0916,360,76,Vehicle,114057.74
LN000286,Retail,2,2.0,0,36159.98,36159.98,0.0492,24,8,Real Estate,55518.7
LN000287,Retail,1,3.0,0,132566.21,132566.21,0.059,36,5,Vehicle,158114.12
LN000288,Retail,4,4.0,0,95655.21,95655.21,0.0807,36,13,Unsecured,0.0
LN000289,Retail,3,4.0,0,131522.15,131522.15,0.0588,12,5,Vehicle,173327.78
LN000290,Retail,4,5.0,1,74713.31,74713.31,0.0868,24,7,Unsecured,0.0
LN000291,SME,2,4.0,0,719689.6,1000000.0,0.0925,120,11,Unsecured,0.0
LN000292,Retail,4,3.0,0,30767.15,30767.15,0.0635,36,23,Vehicle,40631.59
LN000293,SME,1,1.0,0,417925.66,500000.0,0.0302,60,44,Real Estate,538509.33
LN000294,Retail,1,2.0,0,85396.01,85396.01,0.0517,120,72,Vehicle,117267.45
LN000295,SME,5,6.0,24,109778.94,250000.0,0.1174,120,32,Real Estate,141849.76
LN000296,Retail,1,3.0,0,1084.81,10000.0,0.0783,120,31,Unsecured,0.0
LN000297,SME,5,6.0,52,750154.82,1000000.0,0.1055,12,11,Financial Asset,824813.64
LN000298,Retail,3,3.0,0,3163.22,10000.0,0.0607,120,68,Real Estate,4882.6
LN000299,Retail,2,2.0,0,64354.73,64354.73,0.0478,60,15,Real Estate,126129.02
LN000300,SME,3,2.0,0,158427.44,250000.0,0.0603,60,3,Real Estate,310640.15
LN000301,Retail,5,6.0,24,93926.53,93926.53,0.1106,36,29,Unsecured,0.0
LN000302,Retail,4,4.0,0,525.7,20000.0,0.1017,120,2,Unsecured,0.0
LN000303,SME,4,5.0,51,189638.81,250000.0,0.0934,36,31,Financial Asset,219811.91
LN000304,SME,3,5.0,47,162869.02,250000.0,0.1126,36,24,Real Estate,259087.63
LN000305,Retail,4,5.0,12,148821.81,148821.81,0.0861,12,5,Vehicle,186908.33
LN000306,Retail,5,5.0,9,76201.5,76201.5,0.0811,24,12,Vehicle,106620.01
LN000307,Retail,2,2.0,0,28168.91,28168.91,0.049,120,106,Unsecured,0.0
LN000308,Retail,1,3.0,0,27553.31,27553.31,0.0764,60,41,Real Estate,35138.86
LN000309,Corporate,5,5.0,14,18935795.53,20000000.0,0.0902,120,72,Unsecured,0.0
LN000310,Retail,5,5.0,8,97763.42,97763.42,0.0888,12,8,Unsecured,0.0
LN000311,Retail,1,1.0,0,123260.11,123260.11,0.0453,360,312,Unsecured,0.0
LN000312,Corporate,1,1.0,0,1262.27,5000000.0,0.0421,24,11,Financial Asset,1434.73
LN000313,Retail,2,2.0,0,7468.48,10000.0,0.0421,36,31,Vehicle,10454.39
LN000314,SME,2,4.0,0,225729.74,250000.0,0.0715,120,111,Unsecured,0.0
LN000315,Retail,2,5.0,22,26195.58,50000.0,0.1033,36,5,Unsecured,0.0
LN000316,Retail,4,7.0,24,9965.22,10000.0,0.1087,60,26,Real Estate,14124.01
LN000317,Retail,5,4.0,0,52069.5,52069.5,0.0908,120,31,Unsecured,0.0
LN000318,Retail,1,3.0,0,134900.71,134900.71,0.0719,60,7,Vehicle,175604.22
LN000319,Retail,5,10.0,184,1056.43,10000.0,0.1472,360,137,Vehicle,1312.59
LN000320,Retail,5,7.0,12,36548.09,50000.0,0.1252,36,27,Unsecured,0.0
LN000321,Retail,2,3.0,0,963.02,20000.0,0.0452,60,53,Vehicle,1115.06
LN000322,Retail,2,3.0,0,106296.75,106296.75,0.0529,12,11,Unsecured,0.0
LN000323,Retail,5,5.0,6,101663.88,101663.88,0.09,120,95,Real Estate,176087.79
LN000324,Retail,2,4.0,0,7486.74,20000.0,0.0673,24,2,Real Estate,12631.41
LN000325,Retail,4,3.0,0,3258.32,20000.0,0.0872,12,11,Vehicle,4382.54
LN000326,SME,1,1.0,0,80341.93,80341.93,0.0436,120,2,Unsecured,0.0
LN000327,Retail,5,10.0,166,60086.88,60086.88,0.1837,360,13,Unsecured,0.0
LN000328,Retail,1,1.0,2,13062.61,20000.0,0.0336,120,34,Unsecured,0.0
LN000329,SME,4,4.0,0,163028.49,250000.0,0.0803,60,23,Real Estate,290545.89
LN000330,Retail,2,5.0,23,31139.37,31139.37,0.1108,36,30,Vehicle,41614.92
LN000331,SME,3,8.0,11,160341.7,250000.0,0.1443,12,11,Real Estate,238057.72
LN000332,SME,4,4.0,0,625000.0,500000.0,0.0861,120,52,Financial Asset,201503.87
LN000333,Retail,3,5.0,10,6839.8,10000.0,0.0859,24,20,Vehicle,8027.97
LN000334,Retail,1,1.0,0,10756.51,50000.0,0.0258,24,17,Unsecured,0.0
LN000335,Corporate,5,5.0,19,3008822.21,5000000.0,0.0976,60,14,Financial Asset,3035121.21
LN000336,Retail,2,2.0,0,10059.21,50000.0,0.0537,36,7,Unsecured,0.0
LN000337,SME,4,3.0,11,86546.33,250000.0,0.055,12,6,Real Estate,153071.11
LN000338,Retail,2,2.0,0,38658.65,38658.65,0.0536,360,279,Real Estate,60410.36
LN000339,Retail,3,2.0,0,88021.99,88021.99,0.0378,36,10,Real Estate,132306.46
LN000340,Retail,3,5.0,18,31381.5,31381.5,0.0951,120,8,Vehicle,38721.69
LN000341,Retail,5,6.0,27,12145.63,12145.63,0.0956,60,29,Vehicle,15898.17
LN000342,Retail,3,5.0,0,29057.4,50000.0,0.1083,360,157,Unsecured,0.0
LN000343,SME,5,6.0,51,211559.1,500000.0,0.1069,60,26,Real Estate,362495.59
LN000344,Corporate,4,4.0,0,9666364.43,20000000.0,0.0731,12,4,Real Estate,14224573.05
LN000345,SME,5,7.0,10,122948.5,250000.0,0.1135,36,6,Real Estate,177946.24
LN000346,Retail,3,5.0,27,5666.56,10000.0,0.0826,12,6,Unsecured,0.0
LN000347,SME,1,1.0,0,151877.67,151877.67,0.0394,36,14,Real Estate,222210.57
LN000348,SME,5,5.0,15,122294.99,250000.0,0.105,36,19,Unsecured,0.0
LN000349,Corporate,2,3.0,0,6538644.52,6538644.52,0.074,24,18,Real Estate,12754888.29
LN000350,Retail,1,2.0,0,124899.52,124899.52,0.064,60,54,Unsecured,0.0
LN000351,SME,5,7.0,15,293946.74,293946.74,0.1425,12,6,Real Estate,581084.58
LN000352,Retail,2,1.0,0,12968.48,20000.0,0.0446,360,296,Unsecured,0.0
LN000353,Retail,1,1.0,0,127573.59,127573.59,0.03,12,5,Real Estate,246123.26
LN000354,Corporate,5,5.0,25,2491759.46,5000000.0,0.0967,24,6,Real Estate,3219607.68
LN000355,Retail,4,5.0,4,47355.83,50000.0,0.0724,360,66,Vehicle,62221.27
LN000356,Retail,2,1.0,0,25383.97,25383.97,0.0414,60,1,Vehicle,33141.4
LN000357,SME,4,4.0,0,71338.28,71338.28,0.0815,36,33,Unsecured,0.0
LN000358,Retail,3,3.0,0,62350.71,62350.71,0.081,12,7,Vehicle,71339.12
LN000359,SME,5,6.0,10,871357.34,1000000.0,0.1026,120,17,Real Estate,1244951.01
LN000360,SME,5,5.0,45,141306.6,250000.0,0.1002,120,112,Real Estate,253081.31
LN000361,Retail,2,2.0,0,36247.67,36247.67,0.04,360,82,Unsecured,0.0
LN000362,Retail,5,6.0,6,114408.23,114408.23,0.1089,360,99,Unsecured,0.0
LN000363,SME,3,6.0,51,658332.97,658332.97,0.0936,60,40,Financial Asset,820865.33
LN000364,Retail,5,5.0,15,2294.19,10000.0,0.1086,36,4,Vehicle,3224.42
LN000365,Corporate,1,1.0,0,9786745.81,9786745.81,0.0455,12,6,Real Estate,14155750.44
LN000366,SME,4,6.0,10,718360.22,1000000.0,0.1053,12,9,Real Estate,1388018.27
LN000367,Retail,3,3.0,0,90170.62,90170.62,0.0676,360,249,Unsecured,0.0
LN000368,Retail,3,4.0,0,149876.69,149876.69,0.0804,60,27,Real Estate,288327.72
LN000369,Corporate,4,5.0,21,6143816.4,10000000.0,0.0889,12,8,Real Estate,8788246.32
LN000370,Retail,4,4.0,0,94632.08,94632.08,0.0812,360,82,Real Estate,172513.58
LN000371,Retail,3,4.0,0,9185.4,9185.4,0.0756,360,56,Real Estate,11870.39
LN000372,SME,4,5.0,2,701336.57,701336.57,0.1048,60,22,Unsecured,0.0
LN000373,SME,2,2.0,0,20988.93,250000.0,0.0479,36,7,Real Estate,40201.35
LN000374,SME,4,,0,134437.42,500000.0,0.0889,120,38,Unsecured,0.0
LN000375,Retail,1,6.0,15,48078.19,48078.19,0.1092,120,36,Unsecured,0.0
LN000376,SME,1,1.0,0,136172.02,250000.0,0.0361,36,14,Real Estate,183841.54
LN000377,SME,2,3.0,0,179384.22,250000.0,0.0703,120,23,Real Estate,260845.87
LN000378,SME,4,6.0,16,597445.17,597445.17,0.1184,60,52,Real Estate,1047598.9
LN000379,Corporate,1,1.0,0,11956691.05,11956691.05,0.0358,24,5,Real Estate,16174316.34
LN000380,Retail,5,6.0,0,6832.08,10000.0,0.1151,360,28,Vehicle,7859.25
LN000381,SME,4,7.0,49,166750.38,250000.0,0.1268,60,12,Real Estate,225937.75
LN000382,Corporate,2,2.0,0,12921715.64,12921715.64,0.0422,24,4,Real Estate,17908832.44
LN000383,Retail,4,4.0,0,26567.52,26567.52,0.0695,120,84,Vehicle,37805.15
LN000384,Retail,3,5.0,24,112214.66,112214.66,0.102,60,45,Unsecured,0.0
LN000385,SME,3,3.0,0,694535.37,694535.37,0.0802,120,119,Real Estate,977485.4
LN000386,Retail,1,1.0,0,30297.51,50000.0,0.0187,120,119,Unsecured,0.0
LN000387,Retail,3,5.0,27,112502.27,112502.27,0.0807,24,21,Vehicle,136688.96
LN000388,Retail,2,3.0,0,76523.34,76523.34,0.0506,24,18,Unsecured,0.0
LN000389,Retail,1,4.0,0,47782.77,50000.0,0.0878,120,70,Unsecured,0.0
LN000390,Retail,2,1.0,0,13122.4,50000.0,0.0436,36,20,Vehicle,18328.89
LN000391,Retail,2,2.0,0,48161.35,48161.35,0.0402,24,9,Unsecured,0.0
LN000392,Corporate,3,3.0,0,1570837.06,5000000.0,0.0871,60,32,Real Estate,2306487.41
LN000393,SME,3,4.0,0,484445.87,484445.87,0.0762,120,14,Real Estate,783824.25
LN000394,SME,2,3.0,0,367779.1,500000.0,0.0794,120,108,Real Estate,464187.28
LN000395,Retail,3,3.0,0,643.69,20000.0,0.0731,36,31,Unsecured,0.0
LN000396,SME,3,2.0,0,602568.07,602568.07,0.0404,12,9,Real Estate,773971.29
LN000397,SME,3,4.0,0,144535.17,250000.0,0.0758,120,73,Real Estate,205208.62
LN000398,SME,4,4.0,0,228719.66,228719.66,0.0713,36,35,Real Estate,346262.13
LN000399,Retail,2,2.0,0,8591.82,10000.0,0.0366,120,55,Real Estate,12100.49
LN000400,Retail,5,7.0,0,25020.97,50000.0,0.1225,12,1,Vehicle,35403.92
LN000401,SME,2,2.0,0,208262.41,250000.0,0.038,12,9,Unsecured,0.0
LN000402,SME,1,2.0,0,129214.63,250000.0,0.0483,60,49,Unsecured,0.0
LN000403,SME,3,5.0,36,789932.72,1000000.0,0.1143,12,5,Real Estate,1460387.79
LN000404,Retail,3,3.0,0,10912.35,50000.0,0.072,60,34,Real Estate,18266.38
LN000405,Retail,5,5.0,14,127158.46,127158.46,0.0894,24,5,Unsecured,0.0
LN000406,SME,1,1.0,0,606263.51,606263.51,0.0286,120,25,Real Estate,797891.55
LN000407,Retail,4,6.0,12,122177.22,122177.22,0.106,36,33,Real Estate,155963.82
LN000408,SME,2,2.0,0,48309.0,250000.0,0.0707,12,4,Real Estate,89932.02
LN000409,Corporate,4,5.0,7,3409525.83,5000000.0,0.0841,60,33,Real Estate,4279441.27
LN000410,SME,1,6.0,58,106811.8,250000.0,0.11,36,32,Real Estate,207488.73
LN000411,Retail,5,10.0,303,10385.27,20000.0,0.1747,120,110,Vehicle,13273.02
LN000412,Retail,1,1.0,0,14026.34,14026.34,0.0472,12,4,Unsecured,0.0
LN000413,SME,5,6.0,15,1250000.0,1000000.0,0.1067,120,62,Unsecured,0.0
LN000414,SME,4,9.0,54,200891.9,250000.0,0.1454,60,21,Financial Asset,247169.96
LN000415,Retail,4,4.0,0,81469.13,81469.13,0.0829,120,66,Unsecured,0.0
LN000416,Retail,1,1.0,0,115155.77,115155.77,0.0481,120,21,Unsecured,0.0
LN000417,Retail,1,1.0,-10,129116.5,129116.5,0.0323,36,10,Unsecured,0.0
LN000418,SME,3,3.0,0,324366.74,500000.0,0.0566,36,23,Real Estate,644210.11
LN000419,SME,5,7.0,27,274610.05,500000.0,0.1261,120,31,Real Estate,352024.08
LN000420,Corporate,3,3.0,1,3240589.62,5000000.0,0.0488,24,23,Real Estate,5328709.27
LN000421,Retail,2,4.0,0,20834.02,50000.0,0.0778,24,21,Unsecured,0.0
LN000422,SME,2,3.0,0,321905.86,321905.86,0.0768,36,7,Real Estate,433477.51
LN000423,Retail,1,2.0,0,15666.35,15666.35,0.0587,24,23,Unsecured,0.0
LN000424,Retail,4,5.0,6,76675.57,76675.57,0.0936,360,153,Vehicle,90046.6
LN000425,SME,2,1.0,0,90705.01,250000.0,0.0516,120,31,Real Estate,172429.42
LN000426,Retail,2,4.0,0,8782.16,10000.0,0.0991,24,2,Unsecured,0.0
LN000427,Retail,3,3.0,0,29180.61,50000.0,0.0716,24,15,Real Estate,38449.16
LN000428,SME,3,3.0,0,728465.2,728465.2,0.0503,60,29,Real Estate,1291672.62
LN000429,Retail,2,1.0,0,3359.64,10000.0,0.0162,24,3,Unsecured,0.0
LN000430,Retail,1,3.0,0,25795.7,25795.7,0.0788,12,9,Real Estate,36000.81
LN000431,Retail,3,5.0,11,11608.02,11608.02,0.0974,360,15,Unsecured,0.0
LN000432,Retail,2,2.0,0,27038.41,50000.0,0.0664,360,334,Unsecured,0.0
LN000433,Corporate,4,4.0,0,4140542.55,5000000.0,0.0666,60,17,Real Estate,6135813.23
LN000434,Retail,3,4.0,0,8826.06,10000.0,0.0784,360,244,Vehicle,10239.18
LN000435,SME,2,2.0,0,439070.61,1000000.0,0.0603,36,17,Real Estate,823364.15
LN000436,Retail,5,5.0,25,36164.5,50000.0,0.0877,60,8,Real Estate,45475.47
LN000437,Retail,3,4.0,0,129823.1875,103858.55,0.0901,36,31,Vehicle,118785.93
LN000438,Retail,5,5.0,28,9058.61,10000.0,0.0938,60,33,Unsecured,0.0
LN000439,SME,3,3.0,0,459438.05,459438.05,0.0653,36,12,Real Estate,608260.52
LN000440,Retail,3,3.0,0,53150.91,53150.91,0.0532,12,6,Real Estate,92409.28
LN000441,SME,5,5.0,4,415311.08,415311.08,0.0975,120,82,Financial Asset,466555.75
LN000442,Retail,1,1.0,0,4128.85,20000.0,0.0569,36,3,Unsecured,0.0
LN000443,Corporate,2,2.0,0,1020043.18,5000000.0,0.0539,12,3,Real Estate,1469261.52
LN000444,SME,1,1.0,0,407697.75,407697.75,0.0271,12,3,Real Estate,771650.39
LN000445,SME,1,1.0,0,461148.24,461148.24,0.049,60,27,Real Estate,623343.83
LN000446,SME,2,3.0,0,124700.48,124700.48,0.0574,12,5,Real Estate,222410.05
LN000447,SME,4,7.0,4,147851.85,250000.0,0.1422,120,92,Real Estate,293813.4
LN000448,SME,1,1.0,0,451363.75,451363.75,0.0223,12,1,Real Estate,728421.41
LN000449,Retail,1,3.0,0,14446.32,20000.0,0.0677,360,145,Vehicle,18566.65
LN000450,Retail,1,1.0,0,90908.82,90908.82,0.0503,36,30,Unsecured,0.0
LN000451,SME,4,4.0,0,9307.8,250000.0,0.0713,12,5,Real Estate,14326.81
LN000452,Retail,3,3.0,0,18125.35,20000.0,0.0658,60,2,Vehicle,20406.68
LN000453,Retail,5,5.0,9,16492.63,20000.0,0.1066,60,9,Unsecured,0.0
LN000454,Retail,5,6.0,1,6334.32,10000.0,0.0874,360,287,Unsecured,0.0
LN000455,Retail,4,4.0,0,8063.95,10000.0,0.0893,12,5,Unsecured,0.0
LN000456,SME,1,1.0,0,81931.74,250000.0,0.0341,120,119,Real Estate,163273.54
LN000457,Retail,5,7.0,10,135073.33,135073.33,0.1394,120,24,Unsecured,0.0
LN000458,Corporate,4,4.0,0,10783488.14,10783488.14,0.0717,120,93,Real Estate,18777777.09
LN000459,Corporate,2,2.0,0,14124563.4,20000000.0,0.0361,24,13,Unsecured,0.0
LN000460,Corporate,5,4.0,0,13750898.11,20000000.0,0.0746,60,37,Real Estate,23616329.87
LN000461,Retail,2,2.0,0,124916.43,124916.43,0.0444,24,19,Real Estate,157371.05
LN000462,Retail,1,1.0,0,69678.3,69678.3,0.0329,36,6,Unsecured,0.0
LN000463,Corporate,5,5.0,14,1342770.53,5000000.0,0.0903,24,5,Real Estate,1722393.88
LN000464,Corporate,4,4.0,0,1893757.24,5000000.0,0.0599,24,1,Financial Asset,2154802.5
LN000465,SME,3,2.0,0,203287.8,250000.0,0.0491,60,8,Real Estate,386216.5
LN000466,Retail,5,6.0,0,35989.57,35989.57,0.1123,60,25,Vehicle,40231.07
LN000467,Retail,5,6.0,23,6703.2,10000.0,0.1081,12,5,Real Estate,10319.81
LN000468,SME,5,10.0,187,15945.69,1000000.0,0.1729,120,38,Unsecured,0.0
LN000469,Retail,5,7.0,17,10420.04,20000.0,0.1258,60,14,Real Estate,15388.51
LN000470,SME,4,6.0,7,22842.86,250000.0,0.0962,60,2,Real Estate,44981.76
LN000471,SME,4,5.0,3,56825.6,250000.0,0.092,12,4,Real Estate,83754.22
LN000472,SME,3,4.0,0,402866.58,402866.58,0.0811,12,7,Real Estate,716207.44
LN000473,Retail,4,4.0,0,14875.62,20000.0,0.0776,360,323,Unsecured,0.0
LN000474,Retail,4,5.0,3,83215.64,83215.64,0.0801,12,4,Vehicle,101327.63
LN000475,Corporate,1,1.0,0,4863549.87,5000000.0,0.0472,60,11,Financial Asset,5661006.09
LN000476,SME,1,3.0,0,63491.6,250000.0,0.0553,12,3,Financial Asset,66921.94
LN000477,SME,2,2.0,0,477947.12,477947.12,0.0376,120,7,Real Estate,904211.98
LN000478,SME,3,4.0,0,1924.45,250000.0,0.0804,60,59,Real Estate,2445.2
LN000479,SME,1,1.0,0,352061.18,500000.0,0.0318,60,7,Real Estate,587777.37
LN000480,SME,3,3.0,0,17195.16,250000.0,0.071,120,55,Unsecured,0.0
LN000481,Retail,3,3.0,0,140630.43,140630.43,0.0737,36,3,Vehicle,186233.69
LN000482,Retail,5,5.0,24,5710.86,20000.0,0.1022,24,13,Unsecured,0.0
LN000483,Retail,3,3.0,0,70117.75,70117.75,0.065,12,5,Unsecured,0.0
LN000484,Retail,5,4.0,0,103922.82,103922.82,0.0855,60,36,Unsecured,0.0
LN000485,Retail,2,2.0,0,18150.07,50000.0,0.0344,120,59,Unsecured,0.0
LN000486,Retail,2,2.0,0,135154.03,135154.03,0.0609,24,17,Real Estate,181572.28
LN000487,SME,2,4.0,0,716936.13,716936.13,0.076,36,19,Financial Asset,747071.01
LN000488,Retail,5,5.0,17,9416.89,10000.0,0.1147,120,70,Unsecured,0.0
LN000489,Retail,5,5.0,2,10901.47,10901.47,0.1062,120,50,Vehicle,15056.23
LN000490,Retail,2,7.0,0,70340.4,70340.4,0.123,24,15,Unsecured,0.0
LN000491,SME,5,5.0,18,720359.53,720359.53,0.0952,12,7,Financial Asset,747354.29
LN000492,Retail,4,4.0,0,13231.64,20000.0,0.0918,36,7,Real Estate,17353.17
LN000493,Retail,4,4.0,0,111476.89,111476.89,0.0574,36,19,Vehicle,135595.47
LN000494,Retail,5,6.0,12,4250.68,10000.0,0.1084,360,337,Real Estate,5852.29
LN000495,SME,5,5.0,30,166977.88,1000000.0,0.112,12,11,Real Estate,303520.29
LN000496,Corporate,1,1.0,0,1885140.75,1885140.75,0.0434,12,2,Financial Asset,2169369.46
LN000497,Corporate,1,2.0,0,6217593.86,10000000.0,0.0416,60,56,Real Estate,10459171.62
LN000498,Retail,3,2.0,0,28752.98,28752.98,0.0531,60,42,Unsecured,0.0
LN000499,SME,3,5.0,13,166721.9,166721.9,0.0852,36,11,Financial Asset,177440.75
LN000500,Retail,3,3.0,0,40840.66,40840.66,0.0616,24,7,Real Estate,51653.76
LN000501,Retail,2,2.0,0,131958.57,131958.57,0.0533,360,333,Vehicle,164454.81
LN000502,Retail,4,5.0,24,110741.54,110741.54,0.1001,120,61,Vehicle,141819.8
LN000503,Retail,2,2.0,0,57948.69,57948.69,0.0573,36,8,Unsecured,0.0
LN000504,SME,5,7.0,17,46604.21,250000.0,0.1373,36,1,Real Estate,66701.83
LN000505,Retail,1,4.0,0,131194.05,131194.05,0.0681,120,11,Real Estate,188041.88
LN000506,Retail,5,5.0,14,3940.33,50000.0,0.0952,60,43,Real Estate,7776.5
LN000507,Retail,5,7.0,22,143951.42,143951.42,0.1165,24,15,Unsecured,0.0
LN000508,Retail,1,1.0,0,98328.0,98328.0,0.031,120,25,Real Estate,176433.02
LN000509,SME,5,7.0,28,978223.67,1000000.0,0.1175,120,6,Real Estate,1469563.98
LN000510,SME,3,3.0,0,40687.28,250000.0,0.07,60,17,Real Estate,68875.5
LN000511,SME,1,1.0,0,672720.98,672720.98,0.0455,60,16,Real Estate,898341.41
LN000512,Retail,5,5.0,26,30393.98,50000.0,0.1061,24,4,Vehicle,35028.66
LN000513,Retail,3,3.0,0,7399.31,10000.0,0.0539,36,21,Real Estate,13259.73
LN000514,Retail,3,3.0,0,8272.77,10000.0,0.0638,36,3,Real Estate,10588.52
LN000515,Corporate,4,6.0,2,2670011.53,5000000.0,0.0987,24,18,Real Estate,4629018.05
LN000516,Corporate,3,5.0,27,11414434.02,11414434.02,0.0833,60,25,Real Estate,15831030.4
LN000517,SME,2,2.0,0,73697.92,250000.0,0.0434,36,15,Real Estate,142052.21
LN000518,Retail,1,1.0,0,13934.27,20000.0,0.0384,360,17,Vehicle,17170.28
LN000519,Retail,1,3.0,0,8272.08,50000.0,0.0702,24,18,Unsecured,0.0
LN000520,Retail,1,1.0,0,2442.39,10000.0,0.0415,36,18,Unsecured,0.0
LN000521,SME,5,5.0,27,99499.41,1000000.0,0.1009,60,35,Real Estate,156287.35
LN000522,SME,5,5.0,9,197771.43,250000.0,0.0865,12,11,Real Estate,297676.44
LN000523,SME,2,2.0,0,717896.66,717896.66,0.0618,120,18,Real Estate,1022152.11
LN000524,SME,3,3.0,0,147309.15,500000.0,0.073,12,9,Real Estate,223662.56
LN000525,Retail,5,6.0,3,48015.29,48015.29,0.1059,60,57,Vehicle,67282.11
LN000526,Retail,3,4.0,0,134044.87,134044.87,0.0763,60,40,Unsecured,0.0
LN000527,Retail,3,2.0,0,3522.0,50000.0,0.0434,120,62,Real Estate,5091.55
LN000528,Retail,5,7.0,6,84508.14,84508.14,0.1121,120,53,Unsecured,0.0
LN000529,Retail,5,5.0,30,59737.17,59737.17,0.1017,60,35,Vehicle,72037.36
LN000530,SME,2,2.0,14,425239.45,425239.45,0.0582,36,1,Financial Asset,510007.34
LN000531,SME,4,4.0,0,175871.28,250000.0,0.0707,60,43,Real Estate,334933.63
LN000532,Retail,1,1.0,0,122877.42,122877.42,0.0227,24,7,Real Estate,184620.23
LN000533,Retail,5,5.0,14,8890.75,10000.0,0.0856,12,4,Unsecured,0.0
LN000534,Retail,5,5.0,10,134614.02,134614.02,0.0961,24,18,Vehicle,192065.9
LN000535,SME,3,3.0,0,219204.67,500000.0,0.0512,60,48,Real Estate,387872.59
LN000536,Retail,4,4.0,0,140257.74,140257.74,0.0913,120,12,Vehicle,197932.64
LN000537,Retail,5,6.0,37,9282.45,10000.0,0.1207,36,32,Vehicle,10698.77
LN000538,SME,4,5.0,4,304648.72,500000.0,0.0992,120,86,Financial Asset,366819.62
LN000539,Retail,1,1.0,0,47264.7,47264.7,0.0431,36,27,Real Estate,93721.48
LN000540,Retail,3,4.0,0,15971.1,50000.0,0.0806,120,19,Vehicle,18909.77
LN000541,SME,2,4.0,10,545287.35,545287.35,0.0847,12,11,Real Estate,758209.76
LN000542,SME,1,2.0,0,142728.86,500000.0,0.037,60,49,Unsecured,0.0
LN000543,SME,4,4.0,0,378225.09,378225.09,0.0939,12,2,Real Estate,643915.68
LN000544,Retail,4,4.0,0,119451.84,119451.84,0.0751,60,29,Vehicle,137076.67
LN000545,Retail,1,3.0,0,128795.65,128795.65,0.0637,36,34,Vehicle,145244.68
LN000546,SME,4,4.0,0,330701.02,500000.0,0.1049,120,68,Real Estate,429334.66
LN000547,Retail,2,2.0,0,79865.9,79865.9,0.0478,60,1,Unsecured,0.0
LN000548,SME,2,2.0,0,84720.47,250000.0,0.0574,12,10,Real Estate,117516.33
LN000549,SME,4,5.0,12,241753.54,500000.0,0.1001,60,23,Unsecured,0.0
LN000550,Corporate,4,5.0,18,1052184.74,10000000.0,0.0817,24,19,Real Estate,2080116.15
LN000551,Retail,2,2.0,0,146711.44,146711.44,0.04,120,40,Vehicle,202517.21
LN000552,Retail,4,4.0,0,78916.6,78916.6,0.1004,60,4,Real Estate,107053.92
LN000553,Retail,5,8.0,60,36213.97,36213.97,0.1458,12,5,Unsecured,0.0
LN000554,SME,3,2.0,0,42390.31,500000.0,0.0498,36,27,Real Estate,62135.05
LN000555,Retail,5,4.0,0,87761.48,87761.48,0.0746,120,15,Unsecured,0.0
LN000556,Retail,4,4.0,0,26309.14,50000.0,0.0832,12,3,Vehicle,34623.34
LN000557,Retail,4,5.0,15,88049.22,88049.22,0.0992,24,11,Unsecured,0.0
LN000558,Retail,3,4.0,0,34550.11,34550.11,0.0823,24,6,Real Estate,55449.27
LN000559,Retail,4,6.0,24,79427.57,79427.57,0.1207,36,17,Vehicle,90669.44
LN000560,Retail,3,3.0,0,73062.18,73062.18,0.0563,360,302,Unsecured,0.0
LN000561,SME,2,2.0,0,719761.41,1000000.0,0.04,36,27,Real Estate,1204308.4
LN000562,Retail,3,3.0,0,37510.42,37510.42,0.0754,60,6,Unsecured,0.0
LN000563,Retail,3,5.0,17,8947.02,10000.0,0.1161,36,35,Real Estate,12066.21
LN000564,SME,5,5.0,2,618715.79,618715.79,0.1034,120,48,Real Estate,1110744.05
LN000565,SME,4,3.0,0,136522.83,250000.0,0.078,60,48,Real Estate,262185.76
LN000566,Retail,2,3.0,0,37382.23,50000.0,0.0643,60,57,Vehicle,46514.31
LN000567,Retail,1,1.0,0,7079.91,20000.0,0.0377,60,45,Unsecured,0.0
LN000568,SME,3,3.0,0,153851.42,250000.0,0.0675,120,4,Real Estate,199443.89
LN000569,Retail,1,3.0,0,87685.98,87685.98,0.0644,120,108,Unsecured,0.0
LN000570,Retail,4,4.0,0,25789.47,25789.47,0.0941,24,16,Vehicle,33262.1
LN000571,Retail,3,3.0,0,112197.0,112197.0,0.0762,36,33,Vehicle,132659.41
LN000572,Retail,1,1.0,0,22885.7,50000.0,0.031,12,5,Unsecured,0.0
LN000573,Retail,5,5.0,12,1030.37,10000.0,0.0785,24,17,Vehicle,1231.86
LN000574,SME,1,1.0,0,568604.21,1000000.0,0.0344,60,33,Unsecured,0.0
LN000575,SME,5,6.0,24,397220.6,500000.0,0.0985,12,9,Unsecured,0.0
LN000576,Retail,2,2.0,0,81730.3,81730.3,0.0502,120,11,Real Estate,116961.39
LN000577,Retail,4,6.0,10,4481.73,50000.0,0.0992,120,31,Vehicle,5309.8
LN000578,SME,1,1.0,0,240566.02,250000.0,0.0476,12,6,Real Estate,329600.43
LN000579,Retail,3,3.0,0,129909.95,129909.95,0.0718,24,22,Real Estate,224665.42
LN000580,Retail,4,4.0,0,37354.31,50000.0,0.0866,360,148,Vehicle,53087.03
LN000581,SME,1,2.0,0,283800.5,283800.5,-0.05,12,10,Real Estate,394901.72
LN000582,SME,3,3.0,0,632017.26,632017.26,0.0689,60,35,Real Estate,1245476.12
LN000583,Retail,3,4.0,9,12654.21,20000.0,0.0855,24,7,Unsecured,0.0
LN000584,SME,3,4.0,8,103767.72,103767.72,0.0943,12,8,Real Estate,131441.49
LN000585,Retail,3,5.0,53,7265.26,10000.0,0.0937,120,44,Real Estate,11142.57
LN000586,Retail,1,2.0,0,36526.6,50000.0,0.0561,60,51,Unsecured,0.0
LN000587,Retail,2,1.0,0,14919.09,20000.0,0.0245,60,50,Unsecured,0.0
LN000588,SME,5,6.0,22,106741.6,250000.0,0.1108,60,39,Unsecured,0.0
LN000589,SME,5,7.0,49,650968.57,1000000.0,0.1476,120,79,Real Estate,1025578.37
LN000590,SME,5,10.0,131,108428.51,108428.51,0.1781,12,11,Unsecured,0.0
LN000591,Retail,2,2.0,0,83840.38,83840.38,0.0491,12,3,Unsecured,0.0
LN000592,Retail,3,4.0,0,37079.13,37079.13,0.0826,60,16,Vehicle,42186.96
LN000593,Retail,3,3.0,0,29623.95,29623.95,0.0648,24,13,Vehicle,35968.87
LN000594,Retail,4,4.0,0,9687.36,20000.0,0.0823,120,-5,Unsecured,0.0
LN000595,Retail,5,6.0,14,26370.57,26370.57,0.106,60,12,Vehicle,36523.37
LN000596,Corporate,5,8.0,19,2050448.42,5000000.0,0.1449,12,10,Financial Asset,2145105.11
LN000597,SME,3,3.0,0,385079.76,500000.0,0.0703,12,10,Real Estate,490194.56
LN000598,Retail,5,7.0,19,94345.97,94345.97,0.1251,60,34,Vehicle,112498.51
LN000599,Retail,3,2.0,0,148295.84,148295.84,0.0514,120,9,Unsecured,0.0
LN000600,Retail,3,2.0,0,28163.24,50000.0,0.0534,360,36,Vehicle,38270.02
LN000601,SME,3,3.0,0,200357.6,250000.0,0.0597,120,59,Financial Asset,232289.91
LN000602,SME,1,1.0,0,349914.35,500000.0,0.0399,36,24,Unsecured,0.0
LN000603,SME,1,3.0,0,596456.11,1000000.0,0.0728,12,4,Financial Asset,745105.29
LN000604,Retail,1,1.0,0,8492.69,10000.0,0.0496,12,3,Vehicle,11286.53
LN000605,Retail,1,1.0,0,7329.33,10000.0,0.0382,36,33,Vehicle,8743.13
LN000606,Corporate,2,2.0,0,6197736.94,6197736.94,0.0444,12,1,Financial Asset,7098835.32
LN000607,Corporate,4,4.0,0,8080716.19,8080716.19,0.079,24,3,Unsecured,0.0
LN000608,Retail,4,6.0,13,149588.61,149588.61,0.0986,36,27,Vehicle,203749.02
LN000609,Retail,3,3.0,0,7864.45,10000.0,0.0723,360,342,Unsecured,0.0
LN000610,Retail,5,5.0,9,125574.07,125574.07,0.0744,24,4,Real Estate,194786.29
LN000611,SME,1,2.0,0,174248.08,250000.0,0.0602,12,7,Unsecured,0.0
LN000612,SME,4,4.0,0,434046.87,434046.87,0.0915,120,22,Unsecured,0.0
LN000613,SME,4,5.0,16,147273.67,250000.0,0.0657,12,11,Unsecured,0.0
LN000614,Retail,1,1.0,0,44913.63,50000.0,0.0478,12,6,Vehicle,63588.95
LN000615,Retail,2,2.0,0,62500.0,50000.0,0.0603,36,16,Vehicle,45114.43
LN000616,Retail,2,5.0,58,41623.9,50000.0,0.0921,120,97,Unsecured,0.0
LN000617,Corporate,4,5.0,10,6984099.37,6984099.37,0.0831,24,2,Real Estate,13328541.06
LN000618,Retail,2,2.0,0,5608.59,5608.59,0.0416,36,14,Real Estate,7426.75
LN000619,SME,1,2.0,0,52842.41,52842.41,0.0424,60,55,Unsecured,0.0
LN000620,Retail,4,6.0,54,4255.34,10000.0,0.1232,120,56,Vehicle,5463.3
LN000621,Corporate,1,1.0,0,3808604.46,5000000.0,0.0305,60,41,Real Estate,6889300.03
LN000622,SME,2,1.0,0,487649.77,500000.0,0.0441,60,40,Financial Asset,593160.47
LN000623,Retail,1,1.0,0,4615.29,10000.0,0.0338,36,6,Vehicle,5706.0
LN000624,SME,2,2.0,0,205622.75,205622.75,0.0506,36,1,Unsecured,0.0
LN000625,Retail,2,2.0,0,64332.46,64332.46,0.0343,36,25,Unsecured,0.0
LN000626,Retail,1,3.0,0,42.68,50000.0,0.0535,120,87,Vehicle,50.49
LN000627,Retail,2,1.0,11,32316.98,32316.98,0.0479,24,14,Unsecured,0.0
LN000628,Corporate,3,4.0,0,3524847.28,10000000.0,0.0784,12,2,Financial Asset,4277348.59
LN000629,Corporate,1,1.0,0,743120.65,5000000.0,0.038,60,19,Financial Asset,766666.32
LN000630,Retail,3,3.0,0,19963.97,19963.97,0.0831,360,348,Vehicle,23117.75
LN000631,SME,1,2.0,0,24484.59,250000.0,0.0487,12,8,Real Estate,34851.09
LN000632,SME,2,2.0,0,283300.86,500000.0,0.0482,36,22,Real Estate,467008.77
LN000633,SME,2,2.0,0,209258.19,500000.0,0.0621,120,38,Real Estate,362515.31
LN000634,Retail,4,4.0,0,19240.29,19240.29,0.0801,24,9,Unsecured,0.0
LN000635,Retail,4,5.0,14,79602.81,79602.81,0.0982,12,3,Unsecured,0.0
LN000636,SME,3,3.0,0,185129.59,250000.0,0.075,12,2,Unsecured,0.0
LN000637,Retail,2,1.0,0,15015.79,20000.0,0.035,60,32,Unsecured,0.0
LN000638,Retail,4,7.0,13,95198.63,95198.63,0.1329,360,16,Vehicle,122644.48
LN000639,SME,2,7.0,27,536235.6,536235.6,0.1238,36,22,Real Estate,970457.91
LN000640,Retail,1,1.0,0,24212.35,24212.35,0.0448,360,116,Unsecured,0.0
LN000641,Corporate,4,3.0,0,6140083.39,10000000.0,0.0692,120,65,Real Estate,11337220.26
LN000642,Retail,3,4.0,0,9455.44,9455.44,0.0777,120,54,Real Estate,13859.31
LN000643,Corporate,4,5.0,5,4616129.39,5000000.0,0.0957,24,22,Real Estate,7186572.71
LN000644,Retail,2,2.0,0,145889.34,145889.34,0.0256,360,161,Vehicle,198532.03
LN000645,Retail,5,5.0,54,87404.24,87404.24,0.1069,24,9,Unsecured,0.0
LN000646,Retail,5,6.0,0,5255.41,10000.0,0.0975,360,296,Real Estate,10183.93
LN000647,SME,2,4.0,0,458020.2,458020.2,0.0693,60,41,Financial Asset,496809.03
LN000648,SME,1,2.0,0,182177.31,250000.0,0.0456,12,11,Real Estate,289631.09
LN000649,Retail,4,4.0,0,7707.73,10000.0,0.0621,60,7,Real Estate,14620.48
LN000650,Retail,5,5.0,28,2158.11,10000.0,0.0997,120,71,Vehicle,2615.48
LN000651,SME,1,2.0,0,194032.49,250000.0,0.0536,120,76,Unsecured,0.0
LN000652,Retail,2,2.0,0,3947.35,50000.0,0.0451,24,17,Real Estate,7310.22
LN000653,SME,1,1.0,0,78130.57,250000.0,0.0282,120,95,Unsecured,0.0
LN000654,Retail,2,2.0,0,97928.1875,78342.55,0.0431,120,26,Real Estate,112796.94
LN000655,SME,4,4.0,0,2443.06,250000.0,0.0861,60,35,Real Estate,4401.55
LN000656,SME,1,1.0,0,409941.07,500000.0,0.0191,12,5,Real Estate,792994.42
LN000657,Corporate,4,5.0,14,3612874.66,20000000.0,0.0909,120,112,Financial Asset,3966689.9
LN000658,SME,1,2.0,0,106656.34,250000.0,0.0347,120,21,Real Estate,138759.33
LN000659,Retail,2,4.0,0,87016.85,87016.85,0.0877,36,16,Vehicle,97102.84
LN000660,Retail,2,3.0,0,230.53,10000.0,0.0616,24,15,Vehicle,269.79
LN000661,SME,1,1.0,0,809881.59,1000000.0,0.0405,120,28,Financial Asset,831964.61
LN000662,Retail,2,2.0,0,7603.87,10000.0,0.0625,24,14,Vehicle,10633.64
LN000663,SME,3,3.0,0,576134.39,576134.39,0.0777,120,112,Unsecured,0.0
LN000664,SME,3,2.0,0,679094.78,679094.78,0.0398,12,8,Financial Asset,756288.23
LN000665,Retail,4,6.0,24,47390.38,47390.38,0.1131,120,65,Vehicle,62144.5
LN000666,Retail,3,2.0,0,51285.6,51285.6,0.0612,60,11,Unsecured,0.0
LN000667,Retail,3,3.0,0,76401.29,76401.29,0.072,360,203,Vehicle,86518.27
LN000668,Retail,5,5.0,18,10463.85,20000.0,0.103,24,22,Unsecured,0.0
LN000669,Retail,5,5.0,2,40921.74,40921.74,0.0772,36,5,Vehicle,47660.87
LN000670,Retail,5,6.0,14,79781.74,79781.74,0.1168,36,28,Unsecured,0.0
LN000671,Retail,5,5.0,24,1210.49,10000.0,0.0871,24,23,Unsecured,0.0
LN000672,Retail,2,2.0,0,60049.83,60049.83,0.0566,360,328,Unsecured,0.0
LN000673,Retail,4,4.0,0,61803.47,61803.47,0.0864,60,29,Unsecured,0.0
LN000674,Retail,4,6.0,8,3241.54,10000.0,0.1159,120,59,Unsecured,0.0
LN000675,Retail,3,3.0,0,95466.52,95466.52,0.0639,12,6,Unsecured,0.0
LN000676,SME,4,4.0,0,553086.77,553086.77,0.0932,36,33,Unsecured,0.0
LN000677,Retail,3,3.0,0,69783.27,69783.27,0.0701,120,117,Vehicle,85707.18
LN000678,Retail,4,4.0,0,4869.91,20000.0,0.0832,360,335,Real Estate,8754.99
LN000679,SME,1,1.0,0,280524.37,500000.0,0.0257,60,40,Financial Asset,288132.23
LN000680,Corporate,1,2.0,0,4375294.82,5000000.0,0.054,24,14,Real Estate,5654535.47
LN000681,Retail,4,5.0,-10,12031.24,20000.0,0.1148,120,16,Vehicle,14216.87
LN000682,Retail,2,3.0,0,4333.19,10000.0,0.0511,120,87,Vehicle,6009.32
LN000683,Retail,3,3.0,0,14000.17,14000.17,0.0723,24,15,Unsecured,0.0
LN000684,Retail,4,4.0,0,125266.68,125266.68,0.0886,60,12,Unsecured,0.0
LN000685,Corporate,3,2.0,0,3371587.76,3371587.76,0.0673,24,2,Unsecured,0.0
LN000686,SME,5,4.0,0,572.98,500000.0,0.0873,120,84,Unsecured,0.0
LN000687,SME,4,4.0,0,458827.06,458827.06,0.0801,120,92,Financial Asset,541085.72
LN000688,Retail,2,2.0,0,117687.17,117687.17,0.0542,360,247,Vehicle,143615.83
LN000689,SME,5,6.0,6,127350.47,250000.0,0.1073,60,47,Real Estate,196183.6
LN000690,Retail,4,5.0,36,4986.24,10000.0,0.1072,24,1,Unsecured,0.0
LN000691,Retail,1,3.0,0,8977.74,10000.0,0.0495,36,1,Vehicle,10325.73
LN000692,Retail,4,5.0,26,60843.14,60843.14,0.0901,120,8,Unsecured,0.0
LN000693,Retail,1,1.0,0,93946.81,93946.81,0.0395,24,22,Vehicle,111283.3
LN000694,Retail,1,1.0,0,78101.53,78101.53,0.0467,36,23,Unsecured,0.0
LN000695,SME,4,4.0,0,274960.54,500000.0,0.0799,36,26,Real Estate,396152.21
LN000696,Retail,4,4.0,0,118994.42,118994.42,0.0722,12,6,Unsecured,0.0
LN000697,Retail,1,1.0,0,111289.61,111289.61,0.0329,60,2,Vehicle,155126.29
LN000698,Retail,3,2.0,0,1699.96,10000.0,0.0463,24,4,Unsecured,0.0
LN000699,Retail,5,5.0,5,10032.18,50000.0,0.0918,12,2,Unsecured,0.0
LN000700,SME,2,3.0,0,7310.49,1000000.0,0.0606,60,27,Financial Asset,7692.72
LN000701,SME,4,5.0,19,189902.21,189902.21,0.0907,60,37,Unsecured,0.0
LN000702,SME,5,5.0,11,562657.53,562657.53,0.0778,120,11,Real Estate,1026431.31
LN000703,Retail,5,5.0,3,7923.51,10000.0,0.098,360,216,Vehicle,11131.98
LN000704,SME,3,3.0,0,361034.62,361034.62,0.0717,36,30,Financial Asset,365257.26
LN000705,SME,5,6.0,5,109942.13,250000.0,0.125,120,116,Real Estate,194971.01
LN000706,Retail,4,3.0,0,6339.73,10000.0,0.0736,36,24,Unsecured,0.0
LN000707,Retail,5,6.0,16,118251.25,118251.25,0.1181,36,20,Unsecured,0.0
LN000708,SME,4,4.0,12,327917.19,500000.0,0.083,12,10,Real Estate,468052.66
LN000709,Retail,4,4.0,0,43859.49,43859.49,0.0624,60,24,Real Estate,72447.82
LN000710,Retail,1,1.0,0,45589.8,45589.8,0.0378,360,133,Vehicle,63648.16
LN000711,Retail,3,3.0,0,121776.86,121776.86,0.0661,60,37,Unsecured,0.0
LN000712,Retail,2,2.0,0,5654.72,10000.0,0.0603,120,79,Vehicle,7940.08
LN000713,Retail,1,2.0,0,138121.1,138121.1,0.0557,36,8,Vehicle,159873.06
LN000714,Retail,2,2.0,0,120267.89,120267.89,0.0487,60,57,Real Estate,238683.09
LN000715,SME,4,4.0,0,727092.73,1000000.0,0.0996,12,3,Unsecured,0.0
LN000716,Retail,1,3.0,0,32552.56,50000.0,0.0735,12,10,Unsecured,0.0
LN000717,SME,5,5.0,37,192673.65,192673.65,0.0984,12,10,Real Estate,244263.08
LN000718,Retail,5,5.0,21,6033.85,6033.85,0.0996,360,313,Real Estate,10242.64
LN000719,Corporate,2,2.0,0,1343338.92,5000000.0,0.0506,24,4,Financial Asset,1416846.56
LN000720,Corporate,4,5.0,39,3591726.51,10000000.0,0.0952,12,5,Real Estate,5852915.85
LN000721,SME,2,3.0,0,241422.23,250000.0,0.0433,60,39,Unsecured,0.0
LN000722,Corporate,3,3.0,0,11097557.36,11097557.36,0.0558,60,5,Financial Asset,12283405.98
LN000723,SME,5,8.0,22,110499.08,500000.0,0.1346,120,72,Financial Asset,127112.72
LN000724,SME,1,2.0,0,87550.48,250000.0,0.0545,12,1,Financial Asset,107983.38
LN000725,Retail,1,1.0,0,6224.83,10000.0,0.0185,360,82,Vehicle,7054.38
LN000726,Retail,1,2.0,0,118007.67,118007.67,0.0448,24,23,Unsecured,0.0
LN000727,SME,5,4.0,0,577535.32,577535.32,0.0735,60,42,Real Estate,795856.86
LN000728,Retail,4,5.0,20,17572.43,20000.0,0.0962,12,3,Vehicle,23077.56
LN000729,SME,5,5.0,11,204007.08,500000.0,0.0995,36,25,Real Estate,268607.12
LN000730,SME,5,6.0,1,379593.64,1000000.0,0.1035,120,8,Real Estate,614189.42
LN000731,Retail,1,1.0,0,1610.74,10000.0,0.0293,36,21,Vehicle,2270.6
LN000732,SME,5,7.0,12,703985.92,1000000.0,0.1182,60,46,Real Estate,1252577.66
LN000733,Retail,1,1.0,0,657.77,10000.0,0.0311,36,11,Unsecured,0.0
LN000734,Retail,4,5.0,24,7747.23,10000.0,0.0945,60,11,Unsecured,0.0
LN000735,Retail,3,3.0,0,2919.1,10000.0,0.0782,360,341,Unsecured,0.0
LN000736,Retail,1,3.0,0,21012.98,21012.98,0.0549,36,18,Real Estate,31673.12
LN000737,Retail,2,3.0,0,40354.46,40354.46,0.0825,360,234,Unsecured,0.0
LN000738,Retail,3,3.0,0,28577.06,28577.06,0.0527,360,63,Unsecured,0.0
LN000739,Retail,4,6.0,12,16102.45,16102.45,0.1195,36,33,Vehicle,20644.29
LN000740,SME,3,3.0,0,530410.69,1000000.0,0.0602,12,11,Real Estate,764931.92
LN000741,SME,1,2.0,0,424520.45,424520.45,0.0409,36,13,Financial Asset,450892.92
LN000742,Retail,4,5.0,14,9218.79,10000.0,0.1082,24,11,Unsecured,0.0
LN000743,Retail,2,1.0,0,47855.11,47855.11,0.0358,120,31,Vehicle,53298.42
LN000744,SME,1,4.0,0,371192.99,1000000.0,0.0804,36,23,Real Estate,469343.45
LN000745,SME,1,1.0,0,153350.44,153350.44,0.0322,36,29,Real Estate,240404.6
LN000746,Retail,4,4.0,0,148538.86,148538.86,0.0742,12,10,Unsecured,0.0
LN000747,Retail,4,6.0,16,138913.7,138913.7,0.1082,24,11,Real Estate,244159.67
LN000748,SME,3,4.0,0,599841.22,1000000.0,0.0477,60,47,Unsecured,0.0
LN000749,SME,2,1.0,0,107114.14,107114.14,0.0165,60,2,Unsecured,0.0
LN000750,Retail,3,3.0,0,63894.94,63894.94,0.0689,360,72,Unsecured,0.0
LN000751,Retail,3,4.0,0,4388.48,10000.0,0.0918,36,2,Unsecured,0.0
LN000752,Retail,1,1.0,0,26736.99,50000.0,0.0486,360,135,Real Estate,45484.61
LN000753,SME,4,6.0,16,224121.32,250000.0,0.1004,120,92,Financial Asset,261107.44
LN000754,Retail,1,2.0,0,38311.52,38311.52,0.0519,120,2,Unsecured,0.0
LN000755,Retail,2,2.0,0,25247.57,25247.57,0.0281,24,3,Unsecured,0.0
LN000756,Retail,3,3.0,0,51570.99,51570.99,0.0615,12,10,Unsecured,0.0
LN000757,Corporate,2,2.0,0,4912449.16,5000000.0,0.0582,120,77,Unsecured,0.0
LN000758,SME,4,4.0,0,428568.45,428568.45,0.0798,12,5,Real Estate,590868.58
LN000759,SME,4,5.0,2,272947.42,272947.42,0.0917,12,5,Unsecured,0.0
LN000760,SME,5,8.0,17,236657.94,250000.0,0.1399,60,7,Real Estate,468643.63
LN000761,Retail,2,2.0,3,14411.47,14411.47,0.0628,12,5,Vehicle,16835.97
LN000762,Corporate,1,1.0,0,728705.88,5000000.0,0.0326,120,71,Unsecured,0.0
LN000763,Retail,2,2.0,0,94623.14,94623.14,0.0507,36,34,Unsecured,0.0
LN000764,SME,3,4.0,0,375306.63,375306.63,0.0952,36,33,Financial Asset,427259.01
LN000765,Retail,4,5.0,1,4218.58,10000.0,0.0927,36,27,Real Estate,6954.78
LN000766,Retail,4,5.0,4,147900.31,147900.31,0.0786,360,59,Real Estate,186402.24
LN000767,Retail,2,1.0,0,117893.69,117893.69,0.0487,36,12,Vehicle,137896.55
LN000768,SME,2,4.0,0,382511.73,382511.73,-0.05,60,7,Real Estate,589995.73
LN000769,SME,2,2.0,0,289777.46,289777.46,0.0278,120,99,Real Estate,364191.93
LN000770,Retail,3,4.0,0,57203.04,57203.04,0.0787,12,1,Vehicle,72428.5
LN000771,Retail,3,4.0,0,13807.87,20000.0,0.0798,36,19,Unsecured,0.0
LN000772,Corporate,1,2.0,0,9276170.06,9276170.06,0.0637,60,11,Real Estate,11665519.78
LN000773,Retail,2,2.0,0,14000.68,20000.0,0.0499,36,21,Real Estate,25238.82
LN000774,SME,1,2.0,0,657482.75,657482.75,0.0517,120,34,Unsecured,0.0
LN000775,SME,5,4.0,0,367853.3,367853.3,0.082,60,51,Real Estate,474362.71
LN000776,Retail,3,4.0,0,128323.46,128323.46,0.0753,24,12,Vehicle,144333.9
LN000777,Retail,4,3.0,0,46482.64,50000.0,0.078,36,23,Vehicle,57270.83
LN000778,Retail,5,5.0,46,138673.83,138673.83,0.0871,360,314,Real Estate,209572.82
LN000779,Retail,4,4.0,0,43537.18,43537.18,0.0751,60,27,Vehicle,55548.08
LN000780,Retail,5,6.0,12,74589.22,74589.22,0.1099,120,60,Real Estate,139033.54
LN000781,Retail,1,1.0,0,4794.46,10000.0,0.0216,120,67,Unsecured,0.0
LN000782,Retail,1,2.0,0,12027.44,50000.0,0.0677,24,22,Vehicle,13655.91
LN000783,SME,3,4.0,0,694516.55,694516.55,0.08,36,24,Real Estate,1363158.48
LN000784,SME,4,5.0,3,476692.58,476692.58,0.1032,120,81,Financial Asset,506897.13
LN000785,Retail,5,5.0,26,5055.42,10000.0,0.0854,360,339,Unsecured,0.0
LN000786,Retail,2,3.0,0,1727.55,10000.0,0.0721,12,5,Real Estate,2746.8
LN000787,Retail,2,2.0,0,2800.51,20000.0,0.058,12,7,Unsecured,0.0
LN000788,Retail,3,2.0,0,15912.35,15912.35,0.0594,24,19,Vehicle,21731.75
LN000789,SME,4,4.0,0,167436.45,250000.0,0.099,36,26,Unsecured,0.0
LN000790,Retail,2,2.0,0,36966.81,50000.0,0.0444,36,20,Unsecured,0.0
LN000791,SME,3,2.0,0,233154.25,250000.0,0.0481,36,4,Real Estate,428415.86
LN000792,Retail,3,3.0,0,86374.82,86374.82,0.0565,60,25,Unsecured,0.0
LN000793,SME,4,3.0,0,102494.93,250000.0,0.064,120,58,Unsecured,0.0
LN000794,Retail,2,2.0,0,3703.52,20000.0,0.0566,24,22,Unsecured,0.0
LN000795,SME,2,2.0,6,180558.31,250000.0,0.0561,60,24,Real Estate,354404.03
LN000796,Corporate,2,2.0,0,17678367.93,20000000.0,0.0664,24,21,Financial Asset,19346837.88
LN000797,SME,1,3.0,0,160790.36,250000.0,0.0699,12,7,Unsecured,0.0
LN000798,SME,2,2.0,0,377724.43,377724.43,0.05,120,117,Real Estate,472393.99
LN000799,Retail,5,5.0,26,46535.2,50000.0,0.0841,36,21,Vehicle,66428.16
LN000800,Corporate,1,1.0,0,1383708.62,10000000.0,0.0437,120,89,Financial Asset,1589152.59
LN000801,Retail,1,1.0,0,18967.27,20000.0,0.0334,60,28,Unsecured,0.0
LN000802,Retail,1,1.0,0,80203.71,80203.71,0.0439,360,159,Unsecured,0.0
LN000803,Retail,1,1.0,0,5620.78,10000.0,0.0308,60,36,Unsecured,0.0
LN000804,Corporate,3,6.0,26,9114267.3,20000000.0,0.122,12,4,Real Estate,13051610.07
LN000805,SME,5,6.0,18,396295.57,500000.0,0.1139,120,41,Real Estate,690686.06
LN000806,Corporate,4,5.0,15,4284919.03,5000000.0,0.1049,12,6,Real Estate,7231753.73
LN000807,SME,2,7.0,17,102912.7,250000.0,0.1289,60,12,Real Estate,128657.46
LN000808,Retail,1,3.0,0,62044.97,62044.97,0.0557,120,101,Vehicle,69324.14
LN000809,Corporate,4,5.0,24,9212864.12,10000000.0,0.0913,60,18,Financial Asset,10454264.78
LN000810,Corporate,3,4.0,0,5973297.24,5973297.24,0.0672,24,6,Real Estate,9238376.53
LN000811,Retail,4,4.0,0,105154.82,105154.82,0.0818,12,11,Unsecured,0.0
LN000812,Retail,1,1.0,9,32047.61,50000.0,0.0204,360,120,Vehicle,40413.11
LN000813,SME,5,5.0,17,138372.48,250000.0,0.0979,36,29,Real Estate,188915.22
LN000814,Corporate,4,4.0,0,11213053.57,11213053.57,0.0438,24,19,Financial Asset,12683218.85
LN000815,SME,1,4.0,0,165369.19,250000.0,0.0881,36,5,Real Estate,319466.72
LN000816,SME,1,1.0,0,391980.39,500000.0,0.024,36,23,Real Estate,763358.73
LN000817,Corporate,2,3.0,0,9271837.69,10000000.0,0.0555,120,7,Unsecured,0.0
LN000818,SME,2,2.0,0,581282.73,1000000.0,0.0637,120,56,Real Estate,983556.9
LN000819,SME,5,5.0,4,371390.94,371390.94,0.0982,60,13,Real Estate,483063.18
LN000820,SME,2,2.0,0,13862.66,500000.0,0.0585,36,10,Unsecured,0.0
LN000821,Retail,5,5.0,18,14737.88,14737.88,0.0849,60,16,Vehicle,18355.72
LN000822,SME,3,3.0,0,250583.31,500000.0,0.0746,60,53,Unsecured,0.0
LN000823,Retail,3,3.0,0,20314.47,20314.47,0.0636,36,19,Real Estate,29749.97
LN000824,SME,2,2.0,0,160509.91,500000.0,0.0512,12,8,Real Estate,206326.49
LN000825,Retail,3,3.0,0,99586.28,99586.28,0.0799,36,15,Real Estate,124927.2
LN000826,Retail,4,5.0,27,57549.54,57549.54,0.0834,360,93,Real Estate,107618.39
LN000827,Retail,4,4.0,0,2712.22,10000.0,0.0891,120,49,Unsecured,0.0
LN000828,SME,4,4.0,0,114659.48,500000.0,0.0839,36,1,Unsecured,0.0
LN000829,Retail,3,2.0,0,118453.71,118453.71,0.0479,120,27,Real Estate,167321.76
LN000830,Retail,4,4.0,0,1826.39,10000.0,0.0691,60,27,Unsecured,0.0
LN000831,Retail,5,5.0,46,126567.87,126567.87,0.0928,12,9,Unsecured,0.0
LN000832,Retail,1,1.0,0,3272.57,10000.0,0.0268,120,14,Unsecured,0.0
LN000833,Retail,2,2.0,0,1241.6,10000.0,0.0619,60,53,Unsecured,0.0
LN000834,Retail,5,7.0,11,7715.89,7715.89,0.1259,60,28,Real Estate,10467.75
LN000835,Retail,4,4.0,0,15852.21,15852.21,0.0732,120,87,Vehicle,21722.49
LN000836,Retail,1,1.0,0,66143.84,66143.84,0.0206,36,2,Real Estate,98683.68
LN000837,Retail,2,2.0,0,11573.04,11573.04,0.0454,60,24,Vehicle,14020.19
LN000838,Retail,5,5.0,34,114690.16,114690.16,0.1074,12,5,Unsecured,0.0
LN000839,SME,2,,0,550620.37,550620.37,0.0511,36,24,Real Estate,790634.17
LN000840,Retail,3,4.0,0,66369.72,66369.72,0.0782,60,46,Vehicle,76058.44
LN000841,Retail,4,5.0,0,142848.88,142848.88,0.112,36,31,Unsecured,0.0
LN000842,Retail,5,5.0,23,9772.5,9772.5,0.0909,120,94,Vehicle,13728.74
LN000843,Retail,5,7.0,19,9490.97,10000.0,0.1169,12,4,Vehicle,10889.72
LN000844,Retail,1,1.0,0,24208.21,50000.0,0.039,60,30,Real Estate,33599.24
LN000845,Retail,1,2.0,0,98519.75,98519.75,0.0542,36,21,Unsecured,0.0
LN000846,SME,1,2.0,0,158522.01,250000.0,0.0441,60,40,Unsecured,0.0
LN000847,SME,2,3.0,0,373153.08,500000.0,0.057,60,58,Unsecured,0.0
LN000848,Retail,4,4.0,0,71970.35,71970.35,0.0945,60,39,Unsecured,0.0
LN000849,SME,2,2.0,0,113926.57,250000.0,0.0457,12,4,Real Estate,201770.94
LN000850,Retail,4,4.0,0,7364.36,7364.36,0.0655,24,18,Vehicle,9332.02
LN000851,Corporate,5,5.0,31,7839190.96,7839190.96,0.0969,12,7,Financial Asset,8424032.64
LN000852,Retail,2,1.0,0,5574.54,20000.0,0.0439,60,-5,Unsecured,0.0
LN000853,SME,2,2.0,0,86240.52,250000.0,0.0481,60,15,Real Estate,143081.54
LN000854,Retail,2,2.0,0,143953.28,143953.28,0.0554,360,118,Vehicle,176142.35
LN000855,SME,3,4.0,0,39246.21,500000.0,0.0695,12,1,Real Estate,52654.46
LN000856,Retail,4,4.0,0,3475.8,10000.0,0.0863,36,6,Unsecured,0.0
LN000857,Retail,4,5.0,23,15119.93,50000.0,0.0854,12,4,Real Estate,23934.16
LN000858,SME,2,2.0,0,447523.38,447523.38,0.0531,120,62,Real Estate,575046.66
LN000859,Retail,3,5.0,2,3850.38,20000.0,0.1027,24,6,Vehicle,4883.83
LN000860,SME,2,2.0,0,30703.29,500000.0,0.051,120,19,Unsecured,0.0
LN000861,SME,4,4.0,0,81074.92,1000000.0,0.0676,12,11,Financial Asset,90876.79
LN000862,Retail,5,7.0,17,24540.36,50000.0,0.1131,60,9,Unsecured,0.0
LN000863,Retail,3,3.0,0,146129.53,146129.53,0.0809,360,238,Vehicle,192688.86
LN000864,Retail,3,3.0,0,32508.91,50000.0,0.0573,12,5,Unsecured,0.0
LN000865,SME,2,2.0,0,404319.06,404319.06,0.0577,60,31,Financial Asset,450936.81
LN000866,Retail,5,5.0,51,79594.73,79594.73,0.0962,36,19,Unsecured,0.0
LN000867,Retail,4,4.0,0,7715.08,7715.08,0.07,24,13,Vehicle,8795.32
LN000868,Corporate,1,1.0,0,7123943.02,10000000.0,0.0297,120,43,Unsecured,0.0
LN000869,Retail,4,6.0,56,87684.72,87684.72,0.127,24,1,Real Estate,120099.03
LN000870,Corporate,4,5.0,19,3412252.1,5000000.0,0.1299,12,3,Real Estate,5274880.02
LN000871,SME,5,4.0,0,488552.32,488552.32,-0.05,60,44,Unsecured,0.0
LN000872,Retail,3,4.0,0,78515.43,78515.43,0.0761,12,9,Vehicle,90300.43
LN000873,Retail,4,4.0,0,7056.46,10000.0,0.0636,360,146,Unsecured,0.0
LN000874,SME,3,3.0,0,463829.35,463829.35,0.0485,120,90,Financial Asset,486034.3
LN000875,Retail,5,5.0,9,7838.47,50000.0,0.0864,60,38,Unsecured,0.0
LN000876,Retail,5,6.0,54,14050.96,20000.0,0.1055,12,7,Real Estate,28101.11
LN000877,Retail,2,2.0,0,2819.58,10000.0,0.0497,24,15,Vehicle,3480.63
LN000878,SME,1,2.0,0,684213.62,684213.62,0.0569,12,2,Real Estate,978289.6
LN000879,SME,5,5.0,19,94110.77,94110.77,0.0972,60,51,Real Estate,124315.91
LN000880,Retail,5,8.0,75,1248.18,10000.0,0.1471,360,234,Real Estate,1616.13
LN000881,Retail,3,4.0,0,6417.46,10000.0,0.0739,60,53,Real Estate,11639.82
LN000882,SME,5,5.0,7,392418.62,500000.0,0.0943,36,17,Financial Asset,419104.92
LN000883,Corporate,4,5.0,24,6334989.47,6334989.47,0.0914,24,13,Financial Asset,6353437.63
LN000884,Retail,2,2.0,0,4173.41,10000.0,0.0373,360,234,Unsecured,0.0
LN000885,Retail,2,2.0,0,36787.02,50000.0,0.0303,12,5,Unsecured,0.0
LN000886,SME,4,4.0,0,665989.98,665989.98,0.0733,60,27,Real Estate,966424.29
LN000887,SME,5,4.0,0,148366.61,148366.61,0.0552,120,6,Financial Asset,149373.06
LN000888,SME,1,2.0,0,432484.28,500000.0,0.0387,36,4,Real Estate,587721.94
LN000889,Corporate,5,5.0,28,1445248.66,5000000.0,0.1005,24,8,Financial Asset,1542972.7
LN000890,SME,2,2.0,0,290022.53,290022.53,0.0518,60,37,Real Estate,425030.96
LN000891,Retail,1,1.0,0,40221.9,40221.9,0.0352,24,9,Vehicle,44814.95
LN000892,SME,3,3.0,0,225101.33,250000.0,0.0768,60,20,Real Estate,293829.02
LN000893,SME,3,3.0,0,180686.01,180686.01,0.0577,120,43,Real Estate,314880.77
LN000894,Corporate,5,6.0,13,7417833.31,10000000.0,0.1168,60,58,Financial Asset,8969058.15
LN000895,Retail,5,,54,8275.99,50000.0,0.1319,360,294,Unsecured,0.0
LN000896,Retail,1,1.0,0,83507.26,83507.26,0.0378,360,36,Unsecured,0.0
LN000897,SME,1,1.0,0,120043.36,250000.0,0.0365,36,35,Real Estate,176237.56
LN000898,Retail,5,5.0,9,31155.07,31155.07,0.0971,360,131,Unsecured,0.0
LN000899,Retail,2,3.0,0,100423.42,100423.42,0.0611,12,10,Vehicle,113727.23
LN000900,SME,3,3.0,0,169861.83,250000.0,0.0682,12,10,Real Estate,269498.95
LN000901,Retail,1,1.0,0,53371.94,53371.94,0.039,24,23,Vehicle,64102.8
LN000902,SME,2,3.0,0,337631.44,337631.44,0.0507,120,29,Real Estate,540839.17
LN000903,SME,5,4.0,0,517967.6,517967.6,0.0885,60,36,Real Estate,907734.89
LN000904,Retail,4,4.0,0,7092.54,20000.0,0.0676,360,95,Unsecured,0.0
LN000905,Corporate,1,2.0,14,14814858.36,14814858.36,0.0412,24,2,Financial Asset,15621006.3
LN000906,SME,4,4.0,0,138634.79,138634.79,0.0824,120,44,Real Estate,226372.23
LN000907,Retail,2,2.0,0,112090.77,112090.77,0.056,36,25,Vehicle,159832.1
LN000908,Retail,3,3.0,0,88331.96,88331.96,0.0672,24,7,Unsecured,0.0
LN000909,Corporate,2,2.0,0,588819.96,5000000.0,0.0533,24,7,Financial Asset,635868.55
LN000910,Retail,3,3.0,0,110106.22,110106.22,0.0536,60,11,Unsecured,0.0
LN000911,Retail,2,4.0,0,1197.78,10000.0,0.0748,12,11,Real Estate,1551.36
LN000912,Retail,1,1.0,0,97906.34,97906.34,0.0145,120,3,Real Estate,132317.33
LN000913,Retail,1,2.0,0,6989.49,20000.0,0.0408,36,22,Vehicle,8309.8
LN000914,Retail,4,3.0,0,29743.32,29743.32,0.0516,60,8,Real Estate,58178.12
LN000915,Corporate,2,2.0,0,101351.03,5000000.0,0.0501,24,20,Real Estate,151353.14
LN000916,SME,2,2.0,0,200504.91,500000.0,0.0736,120,14,Real Estate,317540.27
LN000917,Retail,4,4.0,0,14167.46,20000.0,0.0876,60,16,Vehicle,18780.8
LN000918,Retail,5,5.0,28,5713.17,20000.0,0.0726,60,16,Vehicle,7289.01
LN000919,SME,2,2.0,0,730333.98,730333.98,0.0348,120,19,Real Estate,985937.74
LN000920,Retail,2,2.0,0,8340.42,10000.0,0.037,120,12,Unsecured,0.0
LN000921,SME,2,2.0,0,298123.13,298123.13,0.0324,12,5,Unsecured,0.0
LN000922,SME,5,8.0,39,38991.42,500000.0,0.1372,36,17,Real Estate,59200.04
LN000923,SME,1,1.0,0,107268.19,250000.0,0.0373,60,8,Real Estate,135697.36
LN000924,Retail,4,4.0,0,39216.46,39216.46,0.0671,360,10,Unsecured,0.0
LN000925,Retail,5,5.0,45,21219.69,21219.69,-0.05,60,45,Real Estate,30125.19
LN000926,Retail,3,3.0,0,2423.98,10000.0,0.0672,360,16,Vehicle,2728.12
LN000927,Retail,3,4.0,0,135244.6,135244.6,0.087,12,10,Vehicle,168139.83
LN000928,Retail,5,5.0,14,61858.58,61858.58,0.0966,36,23,Unsecured,0.0
LN000929,Corporate,5,5.0,16,9096137.97,10000000.0,0.0983,24,14,Real Estate,13465053.79
LN000930,SME,1,1.0,0,363767.19,363767.19,0.0346,12,4,Real Estate,526725.64
LN000931,Corporate,3,4.0,0,1592815.49,5000000.0,0.0699,120,102,Financial Asset,1798104.14
LN000932,SME,4,4.0,0,485738.54,500000.0,0.072,120,19,Real Estate,894344.55
LN000933,Retail,2,2.0,0,13299.13,50000.0,0.0368,36,18,Unsecured,0.0
LN000934,SME,2,2.0,0,720243.37,720243.37,0.065,120,14,Unsecured,0.0
LN000935,Retail,1,1.0,0,35203.17,35203.17,0.0203,24,12,Vehicle,49220.97
LN000936,Retail,1,1.0,0,2844.2,10000.0,0.0445,24,12,Vehicle,3808.95
LN000937,Retail,3,5.0,23,132491.11,132491.11,0.0804,36,6,Unsecured,0.0
LN000938,SME,4,5.0,5,95075.06,95075.06,0.1027,120,115,Financial Asset,103659.36
LN000939,SME,4,4.0,0,474861.79,474861.79,0.0897,12,6,Real Estate,811414.67
LN000940,Retail,5,5.0,0,73381.23,73381.23,0.1065,24,12,Vehicle,93428.24
LN000941,Retail,1,1.0,0,8487.37,10000.0,0.0246,12,5,Real Estate,13303.51
LN000942,Retail,2,2.0,0,123515.22,123515.22,0.0516,120,13,Unsecured,0.0
LN000943,Retail,2,2.0,0,103131.15,103131.15,0.044,24,8,Unsecured,0.0
LN000944,Retail,3,2.0,0,21628.78,21628.78,0.0411,360,131,Real Estate,30230.06
LN000945,SME,2,5.0,13,108881.31,500000.0,0.0954,12,10,Real Estate,147795.34
LN000946,SME,4,4.0,0,300826.05,300826.05,0.0881,120,58,Financial Asset,305675.59
LN000947,Retail,4,6.0,22,2339.96,10000.0,0.104,60,44,Unsecured,0.0
LN000948,SME,1,1.0,0,56967.54,56967.54,0.0383,12,2,Real Estate,75144.56
LN000949,Retail,3,3.0,0,67153.61,67153.61,0.0559,36,23,Unsecured,0.0
LN000950,Corporate,2,2.0,0,1751130.3,1751130.3,0.0396,12,3,Unsecured,0.0
LN000951,Retail,1,2.0,0,119289.74,119289.74,0.0468,24,11,Vehicle,155875.23
LN000952,SME,5,5.0,38,430397.44,500000.0,0.0924,36,24,Real Estate,678967.19
LN000953,Corporate,5,6.0,3,14529870.44,14529870.44,0.1167,12,1,Financial Asset,16747616.07
LN000954,SME,2,3.0,0,743278.46,743278.46,0.0525,120,62,Financial Asset,804947.21
LN000955,Retail,2,3.0,0,73372.78,73372.78,0.0866,360,331,Real Estate,122761.75
LN000956,SME,2,3.0,0,299032.5,299032.5,0.0471,36,16,Real Estate,435135.14
LN000957,Retail,4,5.0,18,14928.38,20000.0,0.0973,12,8,Unsecured,0.0
LN000958,Retail,2,3.0,0,30675.73,50000.0,0.0621,24,4,Vehicle,38424.98
LN000959,Retail,5,5.0,19,18060.71,18060.71,0.0885,36,15,Real Estate,28896.35
LN000960,Corporate,2,3.0,0,11030613.06,20000000.0,0.0632,24,19,Financial Asset,12464422.51
LN000961,Corporate,3,5.0,4,4067423.87,10000000.0,0.1017,60,9,Real Estate,5361684.96
LN000962,Retail,5,5.0,43,141673.77,141673.77,0.1033,24,21,Real Estate,209127.06
LN000963,Retail,3,5.0,13,47394.02,47394.02,0.0928,12,3,Real Estate,66224.96
LN000964,Corporate,5,4.0,0,12091022.65,12091022.65,0.0833,120,69,Real Estate,23700762.86
LN000965,Retail,1,1.0,0,16836.59,16836.59,0.0217,360,234,Vehicle,23197.89
LN000966,Retail,5,5.0,19,79557.29,79557.29,0.0932,360,66,Vehicle,111041.72
LN000967,Retail,5,5.0,58,11498.37,11498.37,0.0989,24,21,Unsecured,0.0
LN000968,SME,3,4.0,0,952869.52,1000000.0,0.0572,12,5,Unsecured,0.0
LN000969,Retail,3,5.0,27,111071.21,111071.21,0.0958,60,8,Real Estate,159598.66
LN000970,SME,5,6.0,28,59369.17,250000.0,0.1083,60,37,Unsecured,0.0
LN000971,Retail,5,8.0,58,76217.21,76217.21,0.1527,12,10,Unsecured,0.0
LN000972,Retail,4,4.0,0,47228.25,47228.25,0.0817,360,293,Vehicle,59898.01
LN000973,Retail,1,1.0,0,9629.26,20000.0,0.0398,12,4,Vehicle,10875.15
LN000974,Retail,1,1.0,0,1892.74,10000.0,0.0323,12,6,Vehicle,2151.66
LN000975,Retail,2,3.0,0,51106.53,51106.53,0.0713,360,33,Unsecured,0.0
LN000976,Retail,5,4.0,0,118219.75,118219.75,0.0856,60,24,Vehicle,137069.71
LN000977,SME,5,10.0,184,177110.34,500000.0,0.1569,36,4,Financial Asset,220551.32
LN000978,Retail,5,6.0,27,9412.9,10000.0,0.1131,24,13,Vehicle,11001.29
LN000979,SME,5,8.0,27,37102.53,250000.0,0.1518,36,11,Real Estate,70744.6
LN000980,Corporate,1,1.0,0,524521.93,5000000.0,0.0448,60,39,Real Estate,665064.32
LN000981,SME,3,3.0,0,258330.25,500000.0,0.0653,36,10,Real Estate,417093.99
LN000982,Corporate,4,5.0,58,285032.97,5000000.0,0.0982,120,69,Financial Asset,348677.8
LN000983,Retail,3,4.0,0,135964.97,135964.97,0.0891,24,15,Unsecured,0.0
LN000984,Retail,3,3.0,0,73823.98,73823.98,0.0536,60,54,Unsecured,0.0
LN000985,Corporate,1,3.0,0,7896820.0,20000000.0,0.0697,120,28,Real Estate,13332293.94
LN000986,SME,4,6.0,20,144640.01,250000.0,0.0903,120,108,Real Estate,262089.19
LN000987,SME,5,4.0,0,42150.42,250000.0,0.0886,120,78,Real Estate,54330.26
LN000988,SME,1,1.0,0,476868.16,476868.16,0.0312,120,60,Real Estate,809084.39
LN000989,SME,1,1.0,0,106364.13,1000000.0,0.0341,12,6,Unsecured,0.0
LN000990,Retail,4,4.0,0,58683.28,58683.28,0.0744,60,2,Vehicle,65619.35
LN000991,SME,2,3.0,-10,134630.16,500000.0,0.0646,60,56,Real Estate,229241.56
LN000992,Retail,1,1.0,0,1099.16,20000.0,0.0376,120,46,Real Estate,1500.36
LN000993,Retail,3,4.0,0,28037.35,50000.0,0.0875,36,9,Unsecured,0.0
LN000994,Retail,3,4.0,0,3676.9,10000.0,0.093,360,327,Real Estate,5142.77
LN000995,Retail,5,5.0,24,1665.66,10000.0,0.0955,120,108,Vehicle,2272.36
LN000996,Retail,1,1.0,0,62349.96,62349.96,0.0184,120,81,Vehicle,80096.93
LN000997,SME,5,5.0,26,377463.42,500000.0,0.1081,12,6,Real Estate,561932.05
LN000998,SME,1,1.0,0,143034.44,250000.0,0.0203,120,84,Real Estate,201620.92
LN000999,SME,4,4.0,0,638477.06,638477.06,0.0758,36,9,Real Estate,1187128.84
LN001000,Retail,1,4.0,0,6564.7,10000.0,0.0751,60,33,Unsecured,0.0
